[
    {
        "name": "نيللي كريم",
        "hints": [
            "ممثلة",
            "مصرية",
            "مسلسل 'لعبة نيوتن'",
            "راقصة باليه"
        ],
        "answers": [
            "نيللي كريم",
            "نيلى كريم",
            "نيلي كريم"
        ]
    },
    {
        "name": "محمد صلاح",
        "hints": [
            "لاعب كرة",
            "ليفربول",
            "منتخب مصر",
            "ملك مصر"
        ],
        "answers": [
            "محمد صلاح",
            "صلاح",
            "مو صلاح"
        ]
    },
    {
        "name": "أم كلثوم",
        "hints": [
            "كوكب الشرق",
            "مصرية",
            "الأطلال",
            "ستة أيام"
        ],
        "answers": [
            "أم كلثوم",
            "أم كلثم",
            "أم كلثوم"
        ]
    },
    {
        "name": "ليونيل ميسي",
        "hints": [
            "أرجنتيني",
            "برشلونة",
            "رقم 10",
            "كأس العالم 2022"
        ],
        "answers": [
            "ليونيل ميسي",
            "ميسي",
            "ليونيل"
        ]
    },
    {
        "name": "ألبرت أينشتاين",
        "hints": [
            "نظرية النسبية",
            "فيزيائي",
            "ألماني",
            "شعر أشعث"
        ],
        "answers": [
            "ألبرت أينشتاين",
            "أينشتاين",
            "ألبرت"
        ]
    },
    {
        "name": "نيلسون مانديلا",
        "hints": [
            "جنوب أفريقي",
            "مناهضة الفصل العنصري",
            "سجن 27 سنة",
            "رئيس"
        ],
        "answers": [
            "نيلسون مانديلا",
            "مانديلا"
        ]
    },
    {
        "name": "مايكل جاكسون",
        "hints": [
            "أمريكي",
            "ملك البوب",
            "Thriller",
            "رقصات شهيرة"
        ],
        "answers": [
            "مايكل جاكسون",
            "جاكسون",
            "MJ"
        ]
    },
    {
        "name": "طه حسين",
        "hints": [
            "عميد الأدب العربي",
            "مصري",
            "كتاب 'الأيام'",
            "أديب"
        ],
        "answers": [
            "طه حسين",
            "طه"
        ]
    },
    {
        "name": "كريستيانو رونالدو",
        "hints": [
            "برتغالي",
            "ريال مدريد",
            "SIUUU",
            "أكثر لاعب تسجيلًا"
        ],
        "answers": [
            "كريستيانو رونالدو",
            "رونالدو",
            "CR7"
        ]
    },
    {
        "name": "توماس إديسون",
        "hints": [
            "المصباح الكهربائي",
            "أمريكي",
            "ألف اختراع",
            "منافس تيسلا"
        ],
        "answers": [
            "توماس إديسون",
            "إديسون"
        ]
    },
    {
        "name": "نيللي كريم",
        "hints": [
            "ممثلة",
            "مصرية",
            "مسلسل 'لعبة نيوتن'",
            "راقصة باليه"
        ],
        "answers": [
            "نيللي كريم",
            "نيلى كريم",
            "نيلي كريم"
        ]
    },
    {
        "name": "محمد صلاح",
        "hints": [
            "لاعب كرة",
            "ليفربول",
            "منتخب مصر",
            "ملك مصر"
        ],
        "answers": [
            "محمد صلاح",
            "صلاح",
            "مو صلاح"
        ]
    },
    {
        "name": "أم كلثوم",
        "hints": [
            "كوكب الشرق",
            "مصرية",
            "الأطلال",
            "ستة أيام"
        ],
        "answers": [
            "أم كلثوم",
            "أم كلثم",
            "أم كلثوم"
        ]
    },
    {
        "name": "ليونيل ميسي",
        "hints": [
            "أرجنتيني",
            "برشلونة",
            "رقم 10",
            "كأس العالم 2022"
        ],
        "answers": [
            "ليونيل ميسي",
            "ميسي",
            "ليونيل"
        ]
    },
    {
        "name": "ألبرت أينشتاين",
        "hints": [
            "نظرية النسبية",
            "فيزيائي",
            "ألماني",
            "شعر أشعث"
        ],
        "answers": [
            "ألبرت أينشتاين",
            "أينشتاين",
            "ألبرت"
        ]
    },
    {
        "name": "نيلسون مانديلا",
        "hints": [
            "جنوب أفريقي",
            "مناهضة الفصل العنصري",
            "سجن 27 سنة",
            "رئيس"
        ],
        "answers": [
            "نيلسون مانديلا",
            "مانديلا"
        ]
    },
    {
        "name": "مايكل جاكسون",
        "hints": [
            "أمريكي",
            "ملك البوب",
            "Thriller",
            "رقصات شهيرة"
        ],
        "answers": [
            "مايكل جاكسون",
            "جاكسون",
            "MJ"
        ]
    },
    {
        "name": "طه حسين",
        "hints": [
            "عميد الأدب العربي",
            "مصري",
            "كتاب 'الأيام'",
            "أديب"
        ],
        "answers": [
            "طه حسين",
            "طه"
        ]
    },
    {
        "name": "كريستيانو رونالدو",
        "hints": [
            "برتغالي",
            "ريال مدريد",
            "SIUUU",
            "أكثر لاعب تسجيلًا"
        ],
        "answers": [
            "كريستيانو رونالدو",
            "رونالدو",
            "CR7"
        ]
    },
    {
        "name": "توماس إديسون",
        "hints": [
            "المصباح الكهربائي",
            "أمريكي",
            "ألف اختراع",
            "منافس تيسلا"
        ],
        "answers": [
            "توماس إديسون",
            "إديسون"
        ]
    },
    {
        "name": "نيللي كريم",
        "hints": [
            "ممثلة",
            "مصرية",
            "مسلسل 'لعبة نيوتن'",
            "راقصة باليه"
        ],
        "answers": [
            "نيللي كريم",
            "نيلى كريم",
            "نيلي كريم"
        ]
    },
    {
        "name": "محمد صلاح",
        "hints": [
            "لاعب كرة",
            "ليفربول",
            "منتخب مصر",
            "ملك مصر"
        ],
        "answers": [
            "محمد صلاح",
            "صلاح",
            "مو صلاح"
        ]
    },
    {
        "name": "أم كلثوم",
        "hints": [
            "كوكب الشرق",
            "مصرية",
            "الأطلال",
            "ستة أيام"
        ],
        "answers": [
            "أم كلثوم",
            "أم كلثم",
            "أم كلثوم"
        ]
    },
    {
        "name": "ليونيل ميسي",
        "hints": [
            "أرجنتيني",
            "برشلونة",
            "رقم 10",
            "كأس العالم 2022"
        ],
        "answers": [
            "ليونيل ميسي",
            "ميسي",
            "ليونيل"
        ]
    },
    {
        "name": "ألبرت أينشتاين",
        "hints": [
            "نظرية النسبية",
            "فيزيائي",
            "ألماني",
            "شعر أشعث"
        ],
        "answers": [
            "ألبرت أينشتاين",
            "أينشتاين",
            "ألبرت"
        ]
    },
    {
        "name": "نيلسون مانديلا",
        "hints": [
            "جنوب أفريقي",
            "مناهضة الفصل العنصري",
            "سجن 27 سنة",
            "رئيس"
        ],
        "answers": [
            "نيلسون مانديلا",
            "مانديلا"
        ]
    },
    {
        "name": "مايكل جاكسون",
        "hints": [
            "أمريكي",
            "ملك البوب",
            "Thriller",
            "رقصات شهيرة"
        ],
        "answers": [
            "مايكل جاكسون",
            "جاكسون",
            "MJ"
        ]
    },
    {
        "name": "طه حسين",
        "hints": [
            "عميد الأدب العربي",
            "مصري",
            "كتاب 'الأيام'",
            "أديب"
        ],
        "answers": [
            "طه حسين",
            "طه"
        ]
    },
    {
        "name": "كريستيانو رونالدو",
        "hints": [
            "برتغالي",
            "ريال مدريد",
            "SIUUU",
            "أكثر لاعب تسجيلًا"
        ],
        "answers": [
            "كريستيانو رونالدو",
            "رونالدو",
            "CR7"
        ]
    },
    {
        "name": "توماس إديسون",
        "hints": [
            "المصباح الكهربائي",
            "أمريكي",
            "ألف اختراع",
            "منافس تيسلا"
        ],
        "answers": [
            "توماس إديسون",
            "إديسون"
        ]
    },
    {
        "name": "نيللي كريم",
        "hints": [
            "ممثلة",
            "مصرية",
            "مسلسل 'لعبة نيوتن'",
            "راقصة باليه"
        ],
        "answers": [
            "نيللي كريم",
            "نيلى كريم",
            "نيلي كريم"
        ]
    },
    {
        "name": "محمد صلاح",
        "hints": [
            "لاعب كرة",
            "ليفربول",
            "منتخب مصر",
            "ملك مصر"
        ],
        "answers": [
            "محمد صلاح",
            "صلاح",
            "مو صلاح"
        ]
    },
    {
        "name": "أم كلثوم",
        "hints": [
            "كوكب الشرق",
            "مصرية",
            "الأطلال",
            "ستة أيام"
        ],
        "answers": [
            "أم كلثوم",
            "أم كلثم",
            "أم كلثوم"
        ]
    },
    {
        "name": "ليونيل ميسي",
        "hints": [
            "أرجنتيني",
            "برشلونة",
            "رقم 10",
            "كأس العالم 2022"
        ],
        "answers": [
            "ليونيل ميسي",
            "ميسي",
            "ليونيل"
        ]
    },
    {
        "name": "ألبرت أينشتاين",
        "hints": [
            "نظرية النسبية",
            "فيزيائي",
            "ألماني",
            "شعر أشعث"
        ],
        "answers": [
            "ألبرت أينشتاين",
            "أينشتاين",
            "ألبرت"
        ]
    },
    {
        "name": "نيلسون مانديلا",
        "hints": [
            "جنوب أفريقي",
            "مناهضة الفصل العنصري",
            "سجن 27 سنة",
            "رئيس"
        ],
        "answers": [
            "نيلسون مانديلا",
            "مانديلا"
        ]
    },
    {
        "name": "مايكل جاكسون",
        "hints": [
            "أمريكي",
            "ملك البوب",
            "Thriller",
            "رقصات شهيرة"
        ],
        "answers": [
            "مايكل جاكسون",
            "جاكسون",
            "MJ"
        ]
    },
    {
        "name": "طه حسين",
        "hints": [
            "عميد الأدب العربي",
            "مصري",
            "كتاب 'الأيام'",
            "أديب"
        ],
        "answers": [
            "طه حسين",
            "طه"
        ]
    },
    {
        "name": "كريستيانو رونالدو",
        "hints": [
            "برتغالي",
            "ريال مدريد",
            "SIUUU",
            "أكثر لاعب تسجيلًا"
        ],
        "answers": [
            "كريستيانو رونالدو",
            "رونالدو",
            "CR7"
        ]
    },
    {
        "name": "توماس إديسون",
        "hints": [
            "المصباح الكهربائي",
            "أمريكي",
            "ألف اختراع",
            "منافس تيسلا"
        ],
        "answers": [
            "توماس إديسون",
            "إديسون"
        ]
    },
    {
        "name": "نيللي كريم",
        "hints": [
            "ممثلة",
            "مصرية",
            "مسلسل 'لعبة نيوتن'",
            "راقصة باليه"
        ],
        "answers": [
            "نيللي كريم",
            "نيلى كريم",
            "نيلي كريم"
        ]
    },
    {
        "name": "محمد صلاح",
        "hints": [
            "لاعب كرة",
            "ليفربول",
            "منتخب مصر",
            "ملك مصر"
        ],
        "answers": [
            "محمد صلاح",
            "صلاح",
            "مو صلاح"
        ]
    },
    {
        "name": "أم كلثوم",
        "hints": [
            "كوكب الشرق",
            "مصرية",
            "الأطلال",
            "ستة أيام"
        ],
        "answers": [
            "أم كلثوم",
            "أم كلثم",
            "أم كلثوم"
        ]
    },
    {
        "name": "ليونيل ميسي",
        "hints": [
            "أرجنتيني",
            "برشلونة",
            "رقم 10",
            "كأس العالم 2022"
        ],
        "answers": [
            "ليونيل ميسي",
            "ميسي",
            "ليونيل"
        ]
    },
    {
        "name": "ألبرت أينشتاين",
        "hints": [
            "نظرية النسبية",
            "فيزيائي",
            "ألماني",
            "شعر أشعث"
        ],
        "answers": [
            "ألبرت أينشتاين",
            "أينشتاين",
            "ألبرت"
        ]
    },
    {
        "name": "نيلسون مانديلا",
        "hints": [
            "جنوب أفريقي",
            "مناهضة الفصل العنصري",
            "سجن 27 سنة",
            "رئيس"
        ],
        "answers": [
            "نيلسون مانديلا",
            "مانديلا"
        ]
    },
    {
        "name": "مايكل جاكسون",
        "hints": [
            "أمريكي",
            "ملك البوب",
            "Thriller",
            "رقصات شهيرة"
        ],
        "answers": [
            "مايكل جاكسون",
            "جاكسون",
            "MJ"
        ]
    },
    {
        "name": "طه حسين",
        "hints": [
            "عميد الأدب العربي",
            "مصري",
            "كتاب 'الأيام'",
            "أديب"
        ],
        "answers": [
            "طه حسين",
            "طه"
        ]
    },
    {
        "name": "كريستيانو رونالدو",
        "hints": [
            "برتغالي",
            "ريال مدريد",
            "SIUUU",
            "أكثر لاعب تسجيلًا"
        ],
        "answers": [
            "كريستيانو رونالدو",
            "رونالدو",
            "CR7"
        ]
    },
    {
        "name": "توماس إديسون",
        "hints": [
            "المصباح الكهربائي",
            "أمريكي",
            "ألف اختراع",
            "منافس تيسلا"
        ],
        "answers": [
            "توماس إديسون",
            "إديسون"
        ]
    },
    {
        "name": "نيللي كريم",
        "hints": [
            "ممثلة",
            "مصرية",
            "مسلسل 'لعبة نيوتن'",
            "راقصة باليه"
        ],
        "answers": [
            "نيللي كريم",
            "نيلى كريم",
            "نيلي كريم"
        ]
    },
    {
        "name": "محمد صلاح",
        "hints": [
            "لاعب كرة",
            "ليفربول",
            "منتخب مصر",
            "ملك مصر"
        ],
        "answers": [
            "محمد صلاح",
            "صلاح",
            "مو صلاح"
        ]
    },
    {
        "name": "أم كلثوم",
        "hints": [
            "كوكب الشرق",
            "مصرية",
            "الأطلال",
            "ستة أيام"
        ],
        "answers": [
            "أم كلثوم",
            "أم كلثم",
            "أم كلثوم"
        ]
    },
    {
        "name": "ليونيل ميسي",
        "hints": [
            "أرجنتيني",
            "برشلونة",
            "رقم 10",
            "كأس العالم 2022"
        ],
        "answers": [
            "ليونيل ميسي",
            "ميسي",
            "ليونيل"
        ]
    },
    {
        "name": "ألبرت أينشتاين",
        "hints": [
            "نظرية النسبية",
            "فيزيائي",
            "ألماني",
            "شعر أشعث"
        ],
        "answers": [
            "ألبرت أينشتاين",
            "أينشتاين",
            "ألبرت"
        ]
    },
    {
        "name": "نيلسون مانديلا",
        "hints": [
            "جنوب أفريقي",
            "مناهضة الفصل العنصري",
            "سجن 27 سنة",
            "رئيس"
        ],
        "answers": [
            "نيلسون مانديلا",
            "مانديلا"
        ]
    },
    {
        "name": "مايكل جاكسون",
        "hints": [
            "أمريكي",
            "ملك البوب",
            "Thriller",
            "رقصات شهيرة"
        ],
        "answers": [
            "مايكل جاكسون",
            "جاكسون",
            "MJ"
        ]
    },
    {
        "name": "طه حسين",
        "hints": [
            "عميد الأدب العربي",
            "مصري",
            "كتاب 'الأيام'",
            "أديب"
        ],
        "answers": [
            "طه حسين",
            "طه"
        ]
    },
    {
        "name": "كريستيانو رونالدو",
        "hints": [
            "برتغالي",
            "ريال مدريد",
            "SIUUU",
            "أكثر لاعب تسجيلًا"
        ],
        "answers": [
            "كريستيانو رونالدو",
            "رونالدو",
            "CR7"
        ]
    },
    {
        "name": "توماس إديسون",
        "hints": [
            "المصباح الكهربائي",
            "أمريكي",
            "ألف اختراع",
            "منافس تيسلا"
        ],
        "answers": [
            "توماس إديسون",
            "إديسون"
        ]
    },
    {
        "name": "نيللي كريم",
        "hints": [
            "ممثلة",
            "مصرية",
            "مسلسل 'لعبة نيوتن'",
            "راقصة باليه"
        ],
        "answers": [
            "نيللي كريم",
            "نيلى كريم",
            "نيلي كريم"
        ]
    },
    {
        "name": "محمد صلاح",
        "hints": [
            "لاعب كرة",
            "ليفربول",
            "منتخب مصر",
            "ملك مصر"
        ],
        "answers": [
            "محمد صلاح",
            "صلاح",
            "مو صلاح"
        ]
    },
    {
        "name": "أم كلثوم",
        "hints": [
            "كوكب الشرق",
            "مصرية",
            "الأطلال",
            "ستة أيام"
        ],
        "answers": [
            "أم كلثوم",
            "أم كلثم",
            "أم كلثوم"
        ]
    },
    {
        "name": "ليونيل ميسي",
        "hints": [
            "أرجنتيني",
            "برشلونة",
            "رقم 10",
            "كأس العالم 2022"
        ],
        "answers": [
            "ليونيل ميسي",
            "ميسي",
            "ليونيل"
        ]
    },
    {
        "name": "ألبرت أينشتاين",
        "hints": [
            "نظرية النسبية",
            "فيزيائي",
            "ألماني",
            "شعر أشعث"
        ],
        "answers": [
            "ألبرت أينشتاين",
            "أينشتاين",
            "ألبرت"
        ]
    },
    {
        "name": "نيلسون مانديلا",
        "hints": [
            "جنوب أفريقي",
            "مناهضة الفصل العنصري",
            "سجن 27 سنة",
            "رئيس"
        ],
        "answers": [
            "نيلسون مانديلا",
            "مانديلا"
        ]
    },
    {
        "name": "مايكل جاكسون",
        "hints": [
            "أمريكي",
            "ملك البوب",
            "Thriller",
            "رقصات شهيرة"
        ],
        "answers": [
            "مايكل جاكسون",
            "جاكسون",
            "MJ"
        ]
    },
    {
        "name": "طه حسين",
        "hints": [
            "عميد الأدب العربي",
            "مصري",
            "كتاب 'الأيام'",
            "أديب"
        ],
        "answers": [
            "طه حسين",
            "طه"
        ]
    },
    {
        "name": "كريستيانو رونالدو",
        "hints": [
            "برتغالي",
            "ريال مدريد",
            "SIUUU",
            "أكثر لاعب تسجيلًا"
        ],
        "answers": [
            "كريستيانو رونالدو",
            "رونالدو",
            "CR7"
        ]
    },
    {
        "name": "توماس إديسون",
        "hints": [
            "المصباح الكهربائي",
            "أمريكي",
            "ألف اختراع",
            "منافس تيسلا"
        ],
        "answers": [
            "توماس إديسون",
            "إديسون"
        ]
    },
    {
        "name": "نيللي كريم",
        "hints": [
            "ممثلة",
            "مصرية",
            "مسلسل 'لعبة نيوتن'",
            "راقصة باليه"
        ],
        "answers": [
            "نيللي كريم",
            "نيلى كريم",
            "نيلي كريم"
        ]
    },
    {
        "name": "محمد صلاح",
        "hints": [
            "لاعب كرة",
            "ليفربول",
            "منتخب مصر",
            "ملك مصر"
        ],
        "answers": [
            "محمد صلاح",
            "صلاح",
            "مو صلاح"
        ]
    },
    {
        "name": "أم كلثوم",
        "hints": [
            "كوكب الشرق",
            "مصرية",
            "الأطلال",
            "ستة أيام"
        ],
        "answers": [
            "أم كلثوم",
            "أم كلثم",
            "أم كلثوم"
        ]
    },
    {
        "name": "ليونيل ميسي",
        "hints": [
            "أرجنتيني",
            "برشلونة",
            "رقم 10",
            "كأس العالم 2022"
        ],
        "answers": [
            "ليونيل ميسي",
            "ميسي",
            "ليونيل"
        ]
    },
    {
        "name": "ألبرت أينشتاين",
        "hints": [
            "نظرية النسبية",
            "فيزيائي",
            "ألماني",
            "شعر أشعث"
        ],
        "answers": [
            "ألبرت أينشتاين",
            "أينشتاين",
            "ألبرت"
        ]
    },
    {
        "name": "نيلسون مانديلا",
        "hints": [
            "جنوب أفريقي",
            "مناهضة الفصل العنصري",
            "سجن 27 سنة",
            "رئيس"
        ],
        "answers": [
            "نيلسون مانديلا",
            "مانديلا"
        ]
    },
    {
        "name": "مايكل جاكسون",
        "hints": [
            "أمريكي",
            "ملك البوب",
            "Thriller",
            "رقصات شهيرة"
        ],
        "answers": [
            "مايكل جاكسون",
            "جاكسون",
            "MJ"
        ]
    },
    {
        "name": "طه حسين",
        "hints": [
            "عميد الأدب العربي",
            "مصري",
            "كتاب 'الأيام'",
            "أديب"
        ],
        "answers": [
            "طه حسين",
            "طه"
        ]
    },
    {
        "name": "كريستيانو رونالدو",
        "hints": [
            "برتغالي",
            "ريال مدريد",
            "SIUUU",
            "أكثر لاعب تسجيلًا"
        ],
        "answers": [
            "كريستيانو رونالدو",
            "رونالدو",
            "CR7"
        ]
    },
    {
        "name": "توماس إديسون",
        "hints": [
            "المصباح الكهربائي",
            "أمريكي",
            "ألف اختراع",
            "منافس تيسلا"
        ],
        "answers": [
            "توماس إديسون",
            "إديسون"
        ]
    },
    {
        "name": "نيللي كريم",
        "hints": [
            "ممثلة",
            "مصرية",
            "مسلسل 'لعبة نيوتن'",
            "راقصة باليه"
        ],
        "answers": [
            "نيللي كريم",
            "نيلى كريم",
            "نيلي كريم"
        ]
    },
    {
        "name": "محمد صلاح",
        "hints": [
            "لاعب كرة",
            "ليفربول",
            "منتخب مصر",
            "ملك مصر"
        ],
        "answers": [
            "محمد صلاح",
            "صلاح",
            "مو صلاح"
        ]
    },
    {
        "name": "أم كلثوم",
        "hints": [
            "كوكب الشرق",
            "مصرية",
            "الأطلال",
            "ستة أيام"
        ],
        "answers": [
            "أم كلثوم",
            "أم كلثم",
            "أم كلثوم"
        ]
    },
    {
        "name": "ليونيل ميسي",
        "hints": [
            "أرجنتيني",
            "برشلونة",
            "رقم 10",
            "كأس العالم 2022"
        ],
        "answers": [
            "ليونيل ميسي",
            "ميسي",
            "ليونيل"
        ]
    },
    {
        "name": "ألبرت أينشتاين",
        "hints": [
            "نظرية النسبية",
            "فيزيائي",
            "ألماني",
            "شعر أشعث"
        ],
        "answers": [
            "ألبرت أينشتاين",
            "أينشتاين",
            "ألبرت"
        ]
    },
    {
        "name": "نيلسون مانديلا",
        "hints": [
            "جنوب أفريقي",
            "مناهضة الفصل العنصري",
            "سجن 27 سنة",
            "رئيس"
        ],
        "answers": [
            "نيلسون مانديلا",
            "مانديلا"
        ]
    },
    {
        "name": "مايكل جاكسون",
        "hints": [
            "أمريكي",
            "ملك البوب",
            "Thriller",
            "رقصات شهيرة"
        ],
        "answers": [
            "مايكل جاكسون",
            "جاكسون",
            "MJ"
        ]
    },
    {
        "name": "طه حسين",
        "hints": [
            "عميد الأدب العربي",
            "مصري",
            "كتاب 'الأيام'",
            "أديب"
        ],
        "answers": [
            "طه حسين",
            "طه"
        ]
    },
    {
        "name": "كريستيانو رونالدو",
        "hints": [
            "برتغالي",
            "ريال مدريد",
            "SIUUU",
            "أكثر لاعب تسجيلًا"
        ],
        "answers": [
            "كريستيانو رونالدو",
            "رونالدو",
            "CR7"
        ]
    },
    {
        "name": "توماس إديسون",
        "hints": [
            "المصباح الكهربائي",
            "أمريكي",
            "ألف اختراع",
            "منافس تيسلا"
        ],
        "answers": [
            "توماس إديسون",
            "إديسون"
        ]
    },
    {
        "name": "نيللي كريم",
        "hints": [
            "ممثلة",
            "مصرية",
            "مسلسل 'لعبة نيوتن'",
            "راقصة باليه"
        ],
        "answers": [
            "نيللي كريم",
            "نيلى كريم",
            "نيلي كريم"
        ]
    },
    {
        "name": "محمد صلاح",
        "hints": [
            "لاعب كرة",
            "ليفربول",
            "منتخب مصر",
            "ملك مصر"
        ],
        "answers": [
            "محمد صلاح",
            "صلاح",
            "مو صلاح"
        ]
    },
    {
        "name": "أم كلثوم",
        "hints": [
            "كوكب الشرق",
            "مصرية",
            "الأطلال",
            "ستة أيام"
        ],
        "answers": [
            "أم كلثوم",
            "أم كلثم",
            "أم كلثوم"
        ]
    },
    {
        "name": "ليونيل ميسي",
        "hints": [
            "أرجنتيني",
            "برشلونة",
            "رقم 10",
            "كأس العالم 2022"
        ],
        "answers": [
            "ليونيل ميسي",
            "ميسي",
            "ليونيل"
        ]
    },
    {
        "name": "ألبرت أينشتاين",
        "hints": [
            "نظرية النسبية",
            "فيزيائي",
            "ألماني",
            "شعر أشعث"
        ],
        "answers": [
            "ألبرت أينشتاين",
            "أينشتاين",
            "ألبرت"
        ]
    },
    {
        "name": "نيلسون مانديلا",
        "hints": [
            "جنوب أفريقي",
            "مناهضة الفصل العنصري",
            "سجن 27 سنة",
            "رئيس"
        ],
        "answers": [
            "نيلسون مانديلا",
            "مانديلا"
        ]
    },
    {
        "name": "مايكل جاكسون",
        "hints": [
            "أمريكي",
            "ملك البوب",
            "Thriller",
            "رقصات شهيرة"
        ],
        "answers": [
            "مايكل جاكسون",
            "جاكسون",
            "MJ"
        ]
    },
    {
        "name": "طه حسين",
        "hints": [
            "عميد الأدب العربي",
            "مصري",
            "كتاب 'الأيام'",
            "أديب"
        ],
        "answers": [
            "طه حسين",
            "طه"
        ]
    },
    {
        "name": "كريستيانو رونالدو",
        "hints": [
            "برتغالي",
            "ريال مدريد",
            "SIUUU",
            "أكثر لاعب تسجيلًا"
        ],
        "answers": [
            "كريستيانو رونالدو",
            "رونالدو",
            "CR7"
        ]
    },
    {
        "name": "توماس إديسون",
        "hints": [
            "المصباح الكهربائي",
            "أمريكي",
            "ألف اختراع",
            "منافس تيسلا"
        ],
        "answers": [
            "توماس إديسون",
            "إديسون"
        ]
    },
    {
        "name": "نيللي كريم",
        "hints": [
            "ممثلة",
            "مصرية",
            "مسلسل 'لعبة نيوتن'",
            "راقصة باليه"
        ],
        "answers": [
            "نيللي كريم",
            "نيلى كريم",
            "نيلي كريم"
        ]
    },
    {
        "name": "محمد صلاح",
        "hints": [
            "لاعب كرة",
            "ليفربول",
            "منتخب مصر",
            "ملك مصر"
        ],
        "answers": [
            "محمد صلاح",
            "صلاح",
            "مو صلاح"
        ]
    },
    {
        "name": "أم كلثوم",
        "hints": [
            "كوكب الشرق",
            "مصرية",
            "الأطلال",
            "ستة أيام"
        ],
        "answers": [
            "أم كلثوم",
            "أم كلثم",
            "أم كلثوم"
        ]
    },
    {
        "name": "ليونيل ميسي",
        "hints": [
            "أرجنتيني",
            "برشلونة",
            "رقم 10",
            "كأس العالم 2022"
        ],
        "answers": [
            "ليونيل ميسي",
            "ميسي",
            "ليونيل"
        ]
    },
    {
        "name": "ألبرت أينشتاين",
        "hints": [
            "نظرية النسبية",
            "فيزيائي",
            "ألماني",
            "شعر أشعث"
        ],
        "answers": [
            "ألبرت أينشتاين",
            "أينشتاين",
            "ألبرت"
        ]
    },
    {
        "name": "نيلسون مانديلا",
        "hints": [
            "جنوب أفريقي",
            "مناهضة الفصل العنصري",
            "سجن 27 سنة",
            "رئيس"
        ],
        "answers": [
            "نيلسون مانديلا",
            "مانديلا"
        ]
    },
    {
        "name": "مايكل جاكسون",
        "hints": [
            "أمريكي",
            "ملك البوب",
            "Thriller",
            "رقصات شهيرة"
        ],
        "answers": [
            "مايكل جاكسون",
            "جاكسون",
            "MJ"
        ]
    },
    {
        "name": "طه حسين",
        "hints": [
            "عميد الأدب العربي",
            "مصري",
            "كتاب 'الأيام'",
            "أديب"
        ],
        "answers": [
            "طه حسين",
            "طه"
        ]
    },
    {
        "name": "كريستيانو رونالدو",
        "hints": [
            "برتغالي",
            "ريال مدريد",
            "SIUUU",
            "أكثر لاعب تسجيلًا"
        ],
        "answers": [
            "كريستيانو رونالدو",
            "رونالدو",
            "CR7"
        ]
    },
    {
        "name": "توماس إديسون",
        "hints": [
            "المصباح الكهربائي",
            "أمريكي",
            "ألف اختراع",
            "منافس تيسلا"
        ],
        "answers": [
            "توماس إديسون",
            "إديسون"
        ]
    },
    {
        "name": "نيللي كريم",
        "hints": [
            "ممثلة",
            "مصرية",
            "مسلسل 'لعبة نيوتن'",
            "راقصة باليه"
        ],
        "answers": [
            "نيللي كريم",
            "نيلى كريم",
            "نيلي كريم"
        ]
    },
    {
        "name": "محمد صلاح",
        "hints": [
            "لاعب كرة",
            "ليفربول",
            "منتخب مصر",
            "ملك مصر"
        ],
        "answers": [
            "محمد صلاح",
            "صلاح",
            "مو صلاح"
        ]
    },
    {
        "name": "أم كلثوم",
        "hints": [
            "كوكب الشرق",
            "مصرية",
            "الأطلال",
            "ستة أيام"
        ],
        "answers": [
            "أم كلثوم",
            "أم كلثم",
            "أم كلثوم"
        ]
    },
    {
        "name": "ليونيل ميسي",
        "hints": [
            "أرجنتيني",
            "برشلونة",
            "رقم 10",
            "كأس العالم 2022"
        ],
        "answers": [
            "ليونيل ميسي",
            "ميسي",
            "ليونيل"
        ]
    },
    {
        "name": "ألبرت أينشتاين",
        "hints": [
            "نظرية النسبية",
            "فيزيائي",
            "ألماني",
            "شعر أشعث"
        ],
        "answers": [
            "ألبرت أينشتاين",
            "أينشتاين",
            "ألبرت"
        ]
    },
    {
        "name": "نيلسون مانديلا",
        "hints": [
            "جنوب أفريقي",
            "مناهضة الفصل العنصري",
            "سجن 27 سنة",
            "رئيس"
        ],
        "answers": [
            "نيلسون مانديلا",
            "مانديلا"
        ]
    },
    {
        "name": "مايكل جاكسون",
        "hints": [
            "أمريكي",
            "ملك البوب",
            "Thriller",
            "رقصات شهيرة"
        ],
        "answers": [
            "مايكل جاكسون",
            "جاكسون",
            "MJ"
        ]
    },
    {
        "name": "طه حسين",
        "hints": [
            "عميد الأدب العربي",
            "مصري",
            "كتاب 'الأيام'",
            "أديب"
        ],
        "answers": [
            "طه حسين",
            "طه"
        ]
    },
    {
        "name": "كريستيانو رونالدو",
        "hints": [
            "برتغالي",
            "ريال مدريد",
            "SIUUU",
            "أكثر لاعب تسجيلًا"
        ],
        "answers": [
            "كريستيانو رونالدو",
            "رونالدو",
            "CR7"
        ]
    },
    {
        "name": "توماس إديسون",
        "hints": [
            "المصباح الكهربائي",
            "أمريكي",
            "ألف اختراع",
            "منافس تيسلا"
        ],
        "answers": [
            "توماس إديسون",
            "إديسون"
        ]
    },
    {
        "name": "نيللي كريم",
        "hints": [
            "ممثلة",
            "مصرية",
            "مسلسل 'لعبة نيوتن'",
            "راقصة باليه"
        ],
        "answers": [
            "نيللي كريم",
            "نيلى كريم",
            "نيلي كريم"
        ]
    },
    {
        "name": "محمد صلاح",
        "hints": [
            "لاعب كرة",
            "ليفربول",
            "منتخب مصر",
            "ملك مصر"
        ],
        "answers": [
            "محمد صلاح",
            "صلاح",
            "مو صلاح"
        ]
    },
    {
        "name": "أم كلثوم",
        "hints": [
            "كوكب الشرق",
            "مصرية",
            "الأطلال",
            "ستة أيام"
        ],
        "answers": [
            "أم كلثوم",
            "أم كلثم",
            "أم كلثوم"
        ]
    },
    {
        "name": "ليونيل ميسي",
        "hints": [
            "أرجنتيني",
            "برشلونة",
            "رقم 10",
            "كأس العالم 2022"
        ],
        "answers": [
            "ليونيل ميسي",
            "ميسي",
            "ليونيل"
        ]
    },
    {
        "name": "ألبرت أينشتاين",
        "hints": [
            "نظرية النسبية",
            "فيزيائي",
            "ألماني",
            "شعر أشعث"
        ],
        "answers": [
            "ألبرت أينشتاين",
            "أينشتاين",
            "ألبرت"
        ]
    },
    {
        "name": "نيلسون مانديلا",
        "hints": [
            "جنوب أفريقي",
            "مناهضة الفصل العنصري",
            "سجن 27 سنة",
            "رئيس"
        ],
        "answers": [
            "نيلسون مانديلا",
            "مانديلا"
        ]
    },
    {
        "name": "مايكل جاكسون",
        "hints": [
            "أمريكي",
            "ملك البوب",
            "Thriller",
            "رقصات شهيرة"
        ],
        "answers": [
            "مايكل جاكسون",
            "جاكسون",
            "MJ"
        ]
    },
    {
        "name": "طه حسين",
        "hints": [
            "عميد الأدب العربي",
            "مصري",
            "كتاب 'الأيام'",
            "أديب"
        ],
        "answers": [
            "طه حسين",
            "طه"
        ]
    },
    {
        "name": "كريستيانو رونالدو",
        "hints": [
            "برتغالي",
            "ريال مدريد",
            "SIUUU",
            "أكثر لاعب تسجيلًا"
        ],
        "answers": [
            "كريستيانو رونالدو",
            "رونالدو",
            "CR7"
        ]
    },
    {
        "name": "توماس إديسون",
        "hints": [
            "المصباح الكهربائي",
            "أمريكي",
            "ألف اختراع",
            "منافس تيسلا"
        ],
        "answers": [
            "توماس إديسون",
            "إديسون"
        ]
    },
    {
        "name": "نيللي كريم",
        "hints": [
            "ممثلة",
            "مصرية",
            "مسلسل 'لعبة نيوتن'",
            "راقصة باليه"
        ],
        "answers": [
            "نيللي كريم",
            "نيلى كريم",
            "نيلي كريم"
        ]
    },
    {
        "name": "محمد صلاح",
        "hints": [
            "لاعب كرة",
            "ليفربول",
            "منتخب مصر",
            "ملك مصر"
        ],
        "answers": [
            "محمد صلاح",
            "صلاح",
            "مو صلاح"
        ]
    },
    {
        "name": "أم كلثوم",
        "hints": [
            "كوكب الشرق",
            "مصرية",
            "الأطلال",
            "ستة أيام"
        ],
        "answers": [
            "أم كلثوم",
            "أم كلثم",
            "أم كلثوم"
        ]
    },
    {
        "name": "ليونيل ميسي",
        "hints": [
            "أرجنتيني",
            "برشلونة",
            "رقم 10",
            "كأس العالم 2022"
        ],
        "answers": [
            "ليونيل ميسي",
            "ميسي",
            "ليونيل"
        ]
    },
    {
        "name": "ألبرت أينشتاين",
        "hints": [
            "نظرية النسبية",
            "فيزيائي",
            "ألماني",
            "شعر أشعث"
        ],
        "answers": [
            "ألبرت أينشتاين",
            "أينشتاين",
            "ألبرت"
        ]
    },
    {
        "name": "نيلسون مانديلا",
        "hints": [
            "جنوب أفريقي",
            "مناهضة الفصل العنصري",
            "سجن 27 سنة",
            "رئيس"
        ],
        "answers": [
            "نيلسون مانديلا",
            "مانديلا"
        ]
    },
    {
        "name": "مايكل جاكسون",
        "hints": [
            "أمريكي",
            "ملك البوب",
            "Thriller",
            "رقصات شهيرة"
        ],
        "answers": [
            "مايكل جاكسون",
            "جاكسون",
            "MJ"
        ]
    },
    {
        "name": "طه حسين",
        "hints": [
            "عميد الأدب العربي",
            "مصري",
            "كتاب 'الأيام'",
            "أديب"
        ],
        "answers": [
            "طه حسين",
            "طه"
        ]
    },
    {
        "name": "كريستيانو رونالدو",
        "hints": [
            "برتغالي",
            "ريال مدريد",
            "SIUUU",
            "أكثر لاعب تسجيلًا"
        ],
        "answers": [
            "كريستيانو رونالدو",
            "رونالدو",
            "CR7"
        ]
    },
    {
        "name": "توماس إديسون",
        "hints": [
            "المصباح الكهربائي",
            "أمريكي",
            "ألف اختراع",
            "منافس تيسلا"
        ],
        "answers": [
            "توماس إديسون",
            "إديسون"
        ]
    },
    {
        "name": "نيللي كريم",
        "hints": [
            "ممثلة",
            "مصرية",
            "مسلسل 'لعبة نيوتن'",
            "راقصة باليه"
        ],
        "answers": [
            "نيللي كريم",
            "نيلى كريم",
            "نيلي كريم"
        ]
    },
    {
        "name": "محمد صلاح",
        "hints": [
            "لاعب كرة",
            "ليفربول",
            "منتخب مصر",
            "ملك مصر"
        ],
        "answers": [
            "محمد صلاح",
            "صلاح",
            "مو صلاح"
        ]
    },
    {
        "name": "أم كلثوم",
        "hints": [
            "كوكب الشرق",
            "مصرية",
            "الأطلال",
            "ستة أيام"
        ],
        "answers": [
            "أم كلثوم",
            "أم كلثم",
            "أم كلثوم"
        ]
    },
    {
        "name": "ليونيل ميسي",
        "hints": [
            "أرجنتيني",
            "برشلونة",
            "رقم 10",
            "كأس العالم 2022"
        ],
        "answers": [
            "ليونيل ميسي",
            "ميسي",
            "ليونيل"
        ]
    },
    {
        "name": "ألبرت أينشتاين",
        "hints": [
            "نظرية النسبية",
            "فيزيائي",
            "ألماني",
            "شعر أشعث"
        ],
        "answers": [
            "ألبرت أينشتاين",
            "أينشتاين",
            "ألبرت"
        ]
    },
    {
        "name": "نيلسون مانديلا",
        "hints": [
            "جنوب أفريقي",
            "مناهضة الفصل العنصري",
            "سجن 27 سنة",
            "رئيس"
        ],
        "answers": [
            "نيلسون مانديلا",
            "مانديلا"
        ]
    },
    {
        "name": "مايكل جاكسون",
        "hints": [
            "أمريكي",
            "ملك البوب",
            "Thriller",
            "رقصات شهيرة"
        ],
        "answers": [
            "مايكل جاكسون",
            "جاكسون",
            "MJ"
        ]
    },
    {
        "name": "طه حسين",
        "hints": [
            "عميد الأدب العربي",
            "مصري",
            "كتاب 'الأيام'",
            "أديب"
        ],
        "answers": [
            "طه حسين",
            "طه"
        ]
    },
    {
        "name": "كريستيانو رونالدو",
        "hints": [
            "برتغالي",
            "ريال مدريد",
            "SIUUU",
            "أكثر لاعب تسجيلًا"
        ],
        "answers": [
            "كريستيانو رونالدو",
            "رونالدو",
            "CR7"
        ]
    },
    {
        "name": "توماس إديسون",
        "hints": [
            "المصباح الكهربائي",
            "أمريكي",
            "ألف اختراع",
            "منافس تيسلا"
        ],
        "answers": [
            "توماس إديسون",
            "إديسون"
        ]
    },
    {
        "name": "نيللي كريم",
        "hints": [
            "ممثلة",
            "مصرية",
            "مسلسل 'لعبة نيوتن'",
            "راقصة باليه"
        ],
        "answers": [
            "نيللي كريم",
            "نيلى كريم",
            "نيلي كريم"
        ]
    },
    {
        "name": "محمد صلاح",
        "hints": [
            "لاعب كرة",
            "ليفربول",
            "منتخب مصر",
            "ملك مصر"
        ],
        "answers": [
            "محمد صلاح",
            "صلاح",
            "مو صلاح"
        ]
    },
    {
        "name": "أم كلثوم",
        "hints": [
            "كوكب الشرق",
            "مصرية",
            "الأطلال",
            "ستة أيام"
        ],
        "answers": [
            "أم كلثوم",
            "أم كلثم",
            "أم كلثوم"
        ]
    },
    {
        "name": "ليونيل ميسي",
        "hints": [
            "أرجنتيني",
            "برشلونة",
            "رقم 10",
            "كأس العالم 2022"
        ],
        "answers": [
            "ليونيل ميسي",
            "ميسي",
            "ليونيل"
        ]
    },
    {
        "name": "ألبرت أينشتاين",
        "hints": [
            "نظرية النسبية",
            "فيزيائي",
            "ألماني",
            "شعر أشعث"
        ],
        "answers": [
            "ألبرت أينشتاين",
            "أينشتاين",
            "ألبرت"
        ]
    },
    {
        "name": "نيلسون مانديلا",
        "hints": [
            "جنوب أفريقي",
            "مناهضة الفصل العنصري",
            "سجن 27 سنة",
            "رئيس"
        ],
        "answers": [
            "نيلسون مانديلا",
            "مانديلا"
        ]
    },
    {
        "name": "مايكل جاكسون",
        "hints": [
            "أمريكي",
            "ملك البوب",
            "Thriller",
            "رقصات شهيرة"
        ],
        "answers": [
            "مايكل جاكسون",
            "جاكسون",
            "MJ"
        ]
    },
    {
        "name": "طه حسين",
        "hints": [
            "عميد الأدب العربي",
            "مصري",
            "كتاب 'الأيام'",
            "أديب"
        ],
        "answers": [
            "طه حسين",
            "طه"
        ]
    },
    {
        "name": "كريستيانو رونالدو",
        "hints": [
            "برتغالي",
            "ريال مدريد",
            "SIUUU",
            "أكثر لاعب تسجيلًا"
        ],
        "answers": [
            "كريستيانو رونالدو",
            "رونالدو",
            "CR7"
        ]
    },
    {
        "name": "توماس إديسون",
        "hints": [
            "المصباح الكهربائي",
            "أمريكي",
            "ألف اختراع",
            "منافس تيسلا"
        ],
        "answers": [
            "توماس إديسون",
            "إديسون"
        ]
    },
    {
        "name": "نيللي كريم",
        "hints": [
            "ممثلة",
            "مصرية",
            "مسلسل 'لعبة نيوتن'",
            "راقصة باليه"
        ],
        "answers": [
            "نيللي كريم",
            "نيلى كريم",
            "نيلي كريم"
        ]
    },
    {
        "name": "محمد صلاح",
        "hints": [
            "لاعب كرة",
            "ليفربول",
            "منتخب مصر",
            "ملك مصر"
        ],
        "answers": [
            "محمد صلاح",
            "صلاح",
            "مو صلاح"
        ]
    },
    {
        "name": "أم كلثوم",
        "hints": [
            "كوكب الشرق",
            "مصرية",
            "الأطلال",
            "ستة أيام"
        ],
        "answers": [
            "أم كلثوم",
            "أم كلثم",
            "أم كلثوم"
        ]
    },
    {
        "name": "ليونيل ميسي",
        "hints": [
            "أرجنتيني",
            "برشلونة",
            "رقم 10",
            "كأس العالم 2022"
        ],
        "answers": [
            "ليونيل ميسي",
            "ميسي",
            "ليونيل"
        ]
    },
    {
        "name": "ألبرت أينشتاين",
        "hints": [
            "نظرية النسبية",
            "فيزيائي",
            "ألماني",
            "شعر أشعث"
        ],
        "answers": [
            "ألبرت أينشتاين",
            "أينشتاين",
            "ألبرت"
        ]
    },
    {
        "name": "نيلسون مانديلا",
        "hints": [
            "جنوب أفريقي",
            "مناهضة الفصل العنصري",
            "سجن 27 سنة",
            "رئيس"
        ],
        "answers": [
            "نيلسون مانديلا",
            "مانديلا"
        ]
    },
    {
        "name": "مايكل جاكسون",
        "hints": [
            "أمريكي",
            "ملك البوب",
            "Thriller",
            "رقصات شهيرة"
        ],
        "answers": [
            "مايكل جاكسون",
            "جاكسون",
            "MJ"
        ]
    },
    {
        "name": "طه حسين",
        "hints": [
            "عميد الأدب العربي",
            "مصري",
            "كتاب 'الأيام'",
            "أديب"
        ],
        "answers": [
            "طه حسين",
            "طه"
        ]
    },
    {
        "name": "كريستيانو رونالدو",
        "hints": [
            "برتغالي",
            "ريال مدريد",
            "SIUUU",
            "أكثر لاعب تسجيلًا"
        ],
        "answers": [
            "كريستيانو رونالدو",
            "رونالدو",
            "CR7"
        ]
    },
    {
        "name": "توماس إديسون",
        "hints": [
            "المصباح الكهربائي",
            "أمريكي",
            "ألف اختراع",
            "منافس تيسلا"
        ],
        "answers": [
            "توماس إديسون",
            "إديسون"
        ]
    },
    {
        "name": "نيللي كريم",
        "hints": [
            "ممثلة",
            "مصرية",
            "مسلسل 'لعبة نيوتن'",
            "راقصة باليه"
        ],
        "answers": [
            "نيللي كريم",
            "نيلى كريم",
            "نيلي كريم"
        ]
    },
    {
        "name": "محمد صلاح",
        "hints": [
            "لاعب كرة",
            "ليفربول",
            "منتخب مصر",
            "ملك مصر"
        ],
        "answers": [
            "محمد صلاح",
            "صلاح",
            "مو صلاح"
        ]
    },
    {
        "name": "أم كلثوم",
        "hints": [
            "كوكب الشرق",
            "مصرية",
            "الأطلال",
            "ستة أيام"
        ],
        "answers": [
            "أم كلثوم",
            "أم كلثم",
            "أم كلثوم"
        ]
    },
    {
        "name": "ليونيل ميسي",
        "hints": [
            "أرجنتيني",
            "برشلونة",
            "رقم 10",
            "كأس العالم 2022"
        ],
        "answers": [
            "ليونيل ميسي",
            "ميسي",
            "ليونيل"
        ]
    },
    {
        "name": "ألبرت أينشتاين",
        "hints": [
            "نظرية النسبية",
            "فيزيائي",
            "ألماني",
            "شعر أشعث"
        ],
        "answers": [
            "ألبرت أينشتاين",
            "أينشتاين",
            "ألبرت"
        ]
    },
    {
        "name": "نيلسون مانديلا",
        "hints": [
            "جنوب أفريقي",
            "مناهضة الفصل العنصري",
            "سجن 27 سنة",
            "رئيس"
        ],
        "answers": [
            "نيلسون مانديلا",
            "مانديلا"
        ]
    },
    {
        "name": "مايكل جاكسون",
        "hints": [
            "أمريكي",
            "ملك البوب",
            "Thriller",
            "رقصات شهيرة"
        ],
        "answers": [
            "مايكل جاكسون",
            "جاكسون",
            "MJ"
        ]
    },
    {
        "name": "طه حسين",
        "hints": [
            "عميد الأدب العربي",
            "مصري",
            "كتاب 'الأيام'",
            "أديب"
        ],
        "answers": [
            "طه حسين",
            "طه"
        ]
    },
    {
        "name": "كريستيانو رونالدو",
        "hints": [
            "برتغالي",
            "ريال مدريد",
            "SIUUU",
            "أكثر لاعب تسجيلًا"
        ],
        "answers": [
            "كريستيانو رونالدو",
            "رونالدو",
            "CR7"
        ]
    },
    {
        "name": "توماس إديسون",
        "hints": [
            "المصباح الكهربائي",
            "أمريكي",
            "ألف اختراع",
            "منافس تيسلا"
        ],
        "answers": [
            "توماس إديسون",
            "إديسون"
        ]
    },
    {
        "name": "نيللي كريم",
        "hints": [
            "ممثلة",
            "مصرية",
            "مسلسل 'لعبة نيوتن'",
            "راقصة باليه"
        ],
        "answers": [
            "نيللي كريم",
            "نيلى كريم",
            "نيلي كريم"
        ]
    },
    {
        "name": "محمد صلاح",
        "hints": [
            "لاعب كرة",
            "ليفربول",
            "منتخب مصر",
            "ملك مصر"
        ],
        "answers": [
            "محمد صلاح",
            "صلاح",
            "مو صلاح"
        ]
    },
    {
        "name": "أم كلثوم",
        "hints": [
            "كوكب الشرق",
            "مصرية",
            "الأطلال",
            "ستة أيام"
        ],
        "answers": [
            "أم كلثوم",
            "أم كلثم",
            "أم كلثوم"
        ]
    },
    {
        "name": "ليونيل ميسي",
        "hints": [
            "أرجنتيني",
            "برشلونة",
            "رقم 10",
            "كأس العالم 2022"
        ],
        "answers": [
            "ليونيل ميسي",
            "ميسي",
            "ليونيل"
        ]
    },
    {
        "name": "ألبرت أينشتاين",
        "hints": [
            "نظرية النسبية",
            "فيزيائي",
            "ألماني",
            "شعر أشعث"
        ],
        "answers": [
            "ألبرت أينشتاين",
            "أينشتاين",
            "ألبرت"
        ]
    },
    {
        "name": "نيلسون مانديلا",
        "hints": [
            "جنوب أفريقي",
            "مناهضة الفصل العنصري",
            "سجن 27 سنة",
            "رئيس"
        ],
        "answers": [
            "نيلسون مانديلا",
            "مانديلا"
        ]
    },
    {
        "name": "مايكل جاكسون",
        "hints": [
            "أمريكي",
            "ملك البوب",
            "Thriller",
            "رقصات شهيرة"
        ],
        "answers": [
            "مايكل جاكسون",
            "جاكسون",
            "MJ"
        ]
    },
    {
        "name": "طه حسين",
        "hints": [
            "عميد الأدب العربي",
            "مصري",
            "كتاب 'الأيام'",
            "أديب"
        ],
        "answers": [
            "طه حسين",
            "طه"
        ]
    },
    {
        "name": "كريستيانو رونالدو",
        "hints": [
            "برتغالي",
            "ريال مدريد",
            "SIUUU",
            "أكثر لاعب تسجيلًا"
        ],
        "answers": [
            "كريستيانو رونالدو",
            "رونالدو",
            "CR7"
        ]
    },
    {
        "name": "توماس إديسون",
        "hints": [
            "المصباح الكهربائي",
            "أمريكي",
            "ألف اختراع",
            "منافس تيسلا"
        ],
        "answers": [
            "توماس إديسون",
            "إديسون"
        ]
    },
    {
        "name": "نيللي كريم",
        "hints": [
            "ممثلة",
            "مصرية",
            "مسلسل 'لعبة نيوتن'",
            "راقصة باليه"
        ],
        "answers": [
            "نيللي كريم",
            "نيلى كريم",
            "نيلي كريم"
        ]
    },
    {
        "name": "محمد صلاح",
        "hints": [
            "لاعب كرة",
            "ليفربول",
            "منتخب مصر",
            "ملك مصر"
        ],
        "answers": [
            "محمد صلاح",
            "صلاح",
            "مو صلاح"
        ]
    },
    {
        "name": "أم كلثوم",
        "hints": [
            "كوكب الشرق",
            "مصرية",
            "الأطلال",
            "ستة أيام"
        ],
        "answers": [
            "أم كلثوم",
            "أم كلثم",
            "أم كلثوم"
        ]
    },
    {
        "name": "ليونيل ميسي",
        "hints": [
            "أرجنتيني",
            "برشلونة",
            "رقم 10",
            "كأس العالم 2022"
        ],
        "answers": [
            "ليونيل ميسي",
            "ميسي",
            "ليونيل"
        ]
    },
    {
        "name": "ألبرت أينشتاين",
        "hints": [
            "نظرية النسبية",
            "فيزيائي",
            "ألماني",
            "شعر أشعث"
        ],
        "answers": [
            "ألبرت أينشتاين",
            "أينشتاين",
            "ألبرت"
        ]
    },
    {
        "name": "نيلسون مانديلا",
        "hints": [
            "جنوب أفريقي",
            "مناهضة الفصل العنصري",
            "سجن 27 سنة",
            "رئيس"
        ],
        "answers": [
            "نيلسون مانديلا",
            "مانديلا"
        ]
    },
    {
        "name": "مايكل جاكسون",
        "hints": [
            "أمريكي",
            "ملك البوب",
            "Thriller",
            "رقصات شهيرة"
        ],
        "answers": [
            "مايكل جاكسون",
            "جاكسون",
            "MJ"
        ]
    },
    {
        "name": "طه حسين",
        "hints": [
            "عميد الأدب العربي",
            "مصري",
            "كتاب 'الأيام'",
            "أديب"
        ],
        "answers": [
            "طه حسين",
            "طه"
        ]
    },
    {
        "name": "كريستيانو رونالدو",
        "hints": [
            "برتغالي",
            "ريال مدريد",
            "SIUUU",
            "أكثر لاعب تسجيلًا"
        ],
        "answers": [
            "كريستيانو رونالدو",
            "رونالدو",
            "CR7"
        ]
    },
    {
        "name": "توماس إديسون",
        "hints": [
            "المصباح الكهربائي",
            "أمريكي",
            "ألف اختراع",
            "منافس تيسلا"
        ],
        "answers": [
            "توماس إديسون",
            "إديسون"
        ]
    }
]