[
    {
        "question": "ما هي عاصمة مصر؟",
        "options": ["القاهرة", "الإسكندرية", "الجيزة", "بورسعيد"],
        "correct": 0
    },
    {
        "question": "كم عدد أيام الأسبوع؟",
        "options": ["5", "6", "7", "8"],
        "correct": 2
    },
    {
        "question": "ما هي لغة البرمجة المستخدمة في هذا البوت؟",
        "options": ["Python", "Java", "C++", "JavaScript"],
        "correct": 0
    },
    {
        "question": "ما هو أكبر كوكب في المجموعة الشمسية؟",
        "options": ["المشتري", "زحل", "نبتون", "الأرض"],
        "correct": 0
    },
    {
        "question": "ما اسم أطول نهر في العالم؟",
        "options": ["النيل", "الأمازون", "الميسيسيبي", "اليانغتسي"],
        "correct": 1
    },
    {
        "question": "في أي عام هبط الإنسان أول مرة على القمر؟",
        "options": ["1965", "1969", "1972", "1958"],
        "correct": 1
    },
    {
        "question": "ما هو العنصر الكيميائي الذي رمزه 'O'؟",
        "options": ["الذهب", "الأكسجين", "الأوزون", "الحديد"],
        "correct": 1
    },
    {
        "question": "كم عدد أحرف اللغة الإنجليزية؟",
        "options": ["24", "26", "28", "30"],
        "correct": 1
    },
    {
        "question": "ما هي عاصمة فرنسا؟",
        "options": ["لندن", "برلين", "باريس", "روما"],
        "correct": 2
    },
    {
        "question": "ما هو الحيوان المعروف باسم 'ملك الغابة'؟",
        "options": ["الفيل", "النمر", "الأسد", "الدب"],
        "correct": 2
    },
    {
        "question": "كم عدد القارات في العالم؟",
        "options": ["5", "6", "7", "8"],
        "correct": 2
    },
    {
        "question": "ما هي أصغر دولة في العالم من حيث المساحة؟",
        "options": ["موناكو", "الفاتيكان", "ناورو", "سان مارينو"],
        "correct": 1
    },
    {
        "question": "ما اسم أقدم جامعة في العالم؟",
        "options": ["جامعة القرويين", "جامعة الأزهر", "جامعة بولونيا", "جامعة أكسفورد"],
        "correct": 0
    },
    {
        "question": "ما هو المعدن السائل في درجة حرارة الغرفة؟",
        "options": ["الذهب", "الفضة", "الزئبق", "الألومنيوم"],
        "correct": 2
    },
    {
        "question": "كم عدد عيون النحلة؟",
        "options": ["1", "2", "5", "8"],
        "correct": 2
    },
    {
        "question": "ما هو أسرع حيوان بري؟",
        "options": ["الفهد", "الأسد", "الغزال", "النمر"],
        "correct": 0
    },
    {
        "question": "ما اسم أطول جبل في العالم؟",
        "options": ["كليمنجارو", "إيفرست", "كيه 2", "كانغشينجونغا"],
        "correct": 1
    },
    {
        "question": "ما هي اللغة الرسمية للبرازيل؟",
        "options": ["الإسبانية", "الإنجليزية", "البرتغالية", "الفرنسية"],
        "correct": 2
    },
    {
        "question": "كم عدد ألوان قوس قزح؟",
        "options": ["5", "6", "7", "8"],
        "correct": 2
    },
    {
        "question": "ما هو الغاز الذي يشكل معظم الغلاف الجوي للأرض؟",
        "options": ["الأكسجين", "ثاني أكسيد الكربون", "النيتروجين", "الهيدروجين"],
        "correct": 2
    },
    {
        "question": "في أي قارة تقع دولة كندا؟",
        "options": ["أوروبا", "آسيا", "أفريقيا", "أمريكا الشمالية"],
        "correct": 3
    },
    {
        "question": "ما هو أصل لعبة الشطرنج؟",
        "options": ["الصين", "الهند", "فارس", "اليونان"],
        "correct": 1
    },
    {
        "question": "كم عدد عظام جسم الإنسان البالغ؟",
        "options": ["206", "300", "150", "450"],
        "correct": 0
    },
    {
        "question": "ما هو أطول جسر بحري في العالم؟",
        "options": ["جسر هونغ كونغ-تشوهاي-ماكاو", "جسر أكاشي كايكيو", "جسر خليج هانغتشو", "جسر سان فرانسيسكو-أوكلاند"],
        "correct": 0
    },
    {
        "question": "ما اسم أول رائد فضاء هبط على سطح القمر؟",
        "options": ["يوري غاغارين", "نيل أرمسترونغ", "باز ألدرين", "ألان شيبارد"],
        "correct": 1
    },
    {
        "question": "ما هو الحيوان الوطني لأستراليا؟",
        "options": ["الكنغر", "الكوالا", "الإمو", "الدنغو"],
        "correct": 0
    },
    {
        "question": "ما هو أصل نبات البطاطس؟",
        "options": ["أمريكا الشمالية", "أوروبا", "آسيا", "أمريكا الجنوبية"],
        "correct": 3
    },
    {
        "question": "ما هي أطول سلسلة جبال في العالم؟",
        "options": ["جبال الأنديز", "جبال الهيمالايا", "جبال روكي", "جبال الألب"],
        "correct": 0
    },
    {
        "question": "ما هو اسم أكبر محيط في العالم؟",
        "options": ["المحيط الأطلسي", "المحيط الهندي", "المحيط الهادئ", "المحيط المتجمد الشمالي"],
        "correct": 2
    },
    {
        "question": "ما هو العنصر الكيميائي الذي رمزه 'Au'؟",
        "options": ["الفضة", "الألومنيوم", "الذهب", "الزرنيخ"],
        "correct": 2
    },
    {
        "question": "ما هي عاصمة اليابان؟",
        "options": ["بكين", "سيول", "طوكيو", "بانكوك"],
        "correct": 2
    },
    {
        "question": "كم عدد أحرف اللغة العربية؟",
        "options": ["26", "28", "30", "32"],
        "correct": 1
    },
    {
        "question": "ما هو أصل كلمة 'شوكولاتة'؟",
        "options": ["الإنجليزية", "الإسبانية", "الفرنسية", "الأزتيكية"],
        "correct": 3
    },
    {
        "question": "ما هو الحيوان الذي ينام وعيناه مفتوحتان؟",
        "options": ["الأسد", "الدلفين", "التمساح", "الحمار الوحشي"],
        "correct": 1
    },
    {
        "question": "ما هو أسرع طائر في العالم؟",
        "options": ["الصقر", "النسر", "السنونو", "الشاهين"],
        "correct": 3
    },
    {
        "question": "ما هي أصغر عظمة في جسم الإنسان؟",
        "options": ["عظمة الركاب", "عظمة المطرقة", "عظمة السندان", "عظمة الترقوة"],
        "correct": 0
    },
    {
        "question": "ما هو اسم أقدم دين في العالم؟",
        "options": ["المسيحية", "الإسلام", "اليهودية", "الهندوسية"],
        "correct": 3
    },
    {
        "question": "ما هو المعدن الأكثر توصيلاً للكهرباء؟",
        "options": ["الذهب", "الفضة", "النحاس", "الألومنيوم"],
        "correct": 1
    },
    {
        "question": "ما هي اللغة التي تحتوي على أكبر عدد من الكلمات؟",
        "options": ["الإنجليزية", "العربية", "الصينية", "الفرنسية"],
        "correct": 0
    },
    {
        "question": "ما هو أصل لعبة الدومينو؟",
        "options": ["الصين", "الهند", "مصر", "إيطاليا"],
        "correct": 0
    },
    {
        "question": "ما هو اسم أطول نهر في أفريقيا؟",
        "options": ["الكونغو", "النيجر", "النيل", "الزمبيزي"],
        "correct": 2
    },
    {
        "question": "ما هو الحيوان الذي يمتلك أقوى عضة؟",
        "options": ["التمساح", "الأسد", "النمر", "الضبع"],
        "correct": 0
    },
    {
        "question": "ما هو اسم أول رئيس للولايات المتحدة الأمريكية؟",
        "options": ["توماس جفرسون", "جون آدامز", "جورج واشنطن", "أبراهام لينكولن"],
        "correct": 2
    },
    {
        "question": "ما هو أصل نبات الطماطم؟",
        "options": ["أوروبا", "آسيا", "أفريقيا", "أمريكا الجنوبية"],
        "correct": 3
    },
    {
        "question": "ما هو اسم أطول نهر في أوروبا؟",
        "options": ["الدانوب", "الراين", "الفولجا", "السين"],
        "correct": 2
    },
    {
        "question": "ما هو العنصر الكيميائي الذي رمزه 'Fe'؟",
        "options": ["الفلور", "الفرانسيوم", "الحديد", "الفوسفور"],
        "correct": 2
    },
    {
        "question": "ما هي عاصمة أستراليا؟",
        "options": ["سيدني", "ملبورن", "كانبرا", "بريزبان"],
        "correct": 2
    },
    {
        "question": "ما هو اسم أكبر صحراء في العالم؟",
        "options": ["الصحراء الكبرى", "صحراء غوبي", "صحراء أنتاركتيكا", "صحراء الربع الخالي"],
        "correct": 2
    },
    {
        "question": "ما هو الحيوان الذي يمتلك أكبر دماغ نسبة إلى حجم الجسم؟",
        "options": ["الفيل", "الدلفين", "الشمبانزي", "الإنسان"],
        "correct": 1
    },
    {
        "question": "ما هو أصل كلمة 'قهوة'؟",
        "options": ["التركية", "العربية", "الإثيوبية", "الفارسية"],
        "correct": 1
    },
    {
        "question": "ما هو اسم أطول نهر في آسيا؟",
        "options": ["الميكونغ", "اليانغتسي", "الغانج", "الأمور"],
        "correct": 1
    },
    {
        "question": "ما هو المعدن الأكثر ليونة؟",
        "options": ["الذهب", "الفضة", "البلاتين", "السيزيوم"],
        "correct": 3
    },
    {
        "question": "ما هو اسم أول إنسان صعد إلى الفضاء؟",
        "options": ["نيل أرمسترونغ", "يوري غاغارين", "ألان شيبارد", "جون غلين"],
        "correct": 1
    },
    {
        "question": "ما هو الحيوان الذي يمتلك أعلى صوت؟",
        "options": ["الفيل", "الحوت الأزرق", "الأسد", "الذئب"],
        "correct": 1
    },
    {
        "question": "ما هو اسم أقدم حضارة في العالم؟",
        "options": ["الحضارة المصرية", "حضارة بلاد الرافدين", "الحضارة الصينية", "حضارة وادي السند"],
        "correct": 1
    },
    {
        "question": "ما هو العنصر الكيميائي الذي رمزه 'Na'؟",
        "options": ["النيكل", "النيون", "الصوديوم", "النيتروجين"],
        "correct": 2
    },
    {
        "question": "ما هي عاصمة كندا؟",
        "options": ["تورونتو", "فانكوفر", "أوتاوا", "مونتريال"],
        "correct": 2
    },
    {
        "question": "ما هو اسم أكبر غابة في العالم؟",
        "options": ["غابة الأمازون", "غابة الكونغو", "غابة تايغا", "غابة بلاك فورست"],
        "correct": 0
    },
    {
        "question": "ما هو الحيوان الذي لا يشرب الماء طوال حياته؟",
        "options": ["الكنغر", "الجمل", "الجرذ الكنغري", "الزرافة"],
        "correct": 2
    },
    {
        "question": "ما هو أصل كلمة 'سكر'؟",
        "options": ["العربية", "الفارسية", "السنسكريتية", "اليونانية"],
        "correct": 2
    },
    {
        "question": "ما هو اسم أطول نهر في أمريكا الشمالية؟",
        "options": ["الميسيسيبي", "الميسوري", "ريو غراندي", "كولورادو"],
        "correct": 0
    },
    {
        "question": "ما هو المعدن الأكثر صلابة؟",
        "options": ["الحديد", "التيتانيوم", "الكروم", "الألماس"],
        "correct": 3
    },
    {
        "question": "ما هو اسم أول امرأة صعدت إلى الفضاء؟",
        "options": ["سالي رايد", "فالنتينا تيريشكوفا", "جوديث ريزنيك", "أيلين كولينز"],
        "correct": 1
    },
    {
        "question": "ما هو الحيوان الذي يمتلك أطول عمر؟",
        "options": ["الفيل", "السلحفاة", "الحوت الأزرق", "قنديل البحر الخالد"],
        "correct": 3
    },
    {
        "question": "ما هو اسم أقدم عاصمة في التاريخ؟",
        "options": ["روما", "أثينا", "دمشق", "بابل"],
        "correct": 2
    },
    {
        "question": "ما هو العنصر الكيميائي الذي رمزه 'K'؟",
        "options": ["الكالسيوم", "الكربون", "البوتاسيوم", "الكريبتون"],
        "correct": 2
    },
    {
        "question": "ما هي عاصمة جنوب أفريقيا؟",
        "options": ["جوهانسبرغ", "كيب تاون", "بريتوريا", "ديربان"],
        "correct": 2
    },
    {
        "question": "ما هو اسم أكبر بحيرة في العالم؟",
        "options": ["بحيرة بايكال", "بحيرة سوبيريور", "بحيرة فكتوريا", "بحر قزوين"],
        "correct": 3
    },
    {
        "question": "ما هو الحيوان الذي يمتلك أقوى حاسة شم؟",
        "options": ["الكلب", "الفيل", "الدب", "القرش"],
        "correct": 0
    },
    {
        "question": "ما هو أصل كلمة 'ليمون'؟",
        "options": ["العربية", "الفارسية", "الهندية", "الفرنسية"],
        "correct": 1
    },
    {
        "question": "ما هو اسم أطول نهر في أستراليا؟",
        "options": ["نهر موراي", "نهر دارلينج", "نهر كوبر كريك", "نهر فليندرز"],
        "correct": 0
    },
    {
        "question": "ما هو المعدن الأكثر ندرة في العالم؟",
        "options": ["البلاتين", "الروديوم", "الأوزميوم", "الأستاتين"],
        "correct": 3
    },
    {
        "question": "ما هو اسم أول رائد فضاء عربي؟",
        "options": ["سلطان بن سلمان", "محمد فارس", "عبد الأحد مومند", "أحمد سعيد"],
        "correct": 0
    },
    {
        "question": "ما هو الحيوان الذي يمتلك أعلى قفزة؟",
        "options": ["الكنغر", "النمر", "الغزال", "الفهود"],
        "correct": 0
    },
    {
        "question": "ما هو اسم أقدم مدينة مأهولة في العالم؟",
        "options": ["أريحا", "دمشق", "بابل", "أور"],
        "correct": 0
    },
    {
        "question": "ما هو العنصر الكيميائي الذي رمزه 'Ag'؟",
        "options": ["الذهب", "الأرجون", "الفضة", "الألومنيوم"],
        "correct": 2
    },
    {
        "question": "ما هي عاصمة نيوزيلندا؟",
        "options": ["أوكلاند", "ويلينغتون", "كرايستشيرش", "هاميلتون"],
        "correct": 1
    },
    {
        "question": "ما هو اسم أكبر شلال في العالم؟",
        "options": ["شلالات نياجرا", "شلالات أنجل", "شلالات فيكتوريا", "شلالات إجوازو"],
        "correct": 1
    },
    {
        "question": "ما هو الحيوان الذي يمتلك أكبر عدد من الأسنان؟",
        "options": ["الفيل", "تمساح النيل", "الحلزون", "سمك القرش"],
        "correct": 2
    },
    {
        "question": "ما هو أصل كلمة 'أطلس'؟",
        "options": ["العربية", "اليونانية", "الفارسية", "اللاتينية"],
        "correct": 1
    },
    {
        "question": "ما هو اسم أطول نهر في الصين؟",
        "options": ["النهر الأصفر", "نهر اللؤلؤ", "نهر اليانغتسي", "نهر ميكونغ"],
        "correct": 2
    },
    {
        "question": "ما هو المعدن الأكثر شيوعاً في القشرة الأرضية؟",
        "options": ["الحديد", "الألومنيوم", "الكالسيوم", "الأكسجين"],
        "correct": 1
    },
    {
        "question": "ما هو اسم أول رائد فضاء أمريكي؟",
        "options": ["نيل أرمسترونغ", "ألان شيبارد", "جون غلين", "يوري غاغارين"],
        "correct": 1
    },
    {
        "question": "ما هو الحيوان الذي يمتلك أسرع معدل تكاثر؟",
        "options": ["الأرنب", "الفأر", "الذبابة", "الجرذ"],
        "correct": 2
    },
    {
        "question": "ما هو اسم أقدم مبنى في العالم؟",
        "options": ["أهرامات الجيزة", "ستونهنج", "زقورة أور", "غوبكلي تبه"],
        "correct": 3
    },
    {
        "question": "ما هو العنصر الكيميائي الذي رمزه 'Hg'؟",
        "options": ["الهيدروجين", "الهيليوم", "الزئبق", "الهافنيوم"],
        "correct": 2
    },
    {
        "question": "ما هي عاصمة الأرجنتين؟",
        "options": ["ريو دي جانيرو", "بوينس آيرس", "ساو باولو", "سانتياغو"],
        "correct": 1
    },
    {
        "question": "ما هو اسم أكبر جزيرة في العالم؟",
        "options": ["جرينلاند", "مدغشقر", "بورنيو", "بابوا غينيا الجديدة"],
        "correct": 0
    },
    {
        "question": "ما هو الحيوان الذي يمتلك أعلى سرعة سباحة؟",
        "options": ["الدلفين", "سمك السيف", "سمك التونة", "القرش"],
        "correct": 1
    },
    {
        "question": "ما هو أصل كلمة 'سفينة'؟",
        "options": ["العربية", "الفارسية", "اليونانية", "اللاتينية"],
        "correct": 1
    },
    {
        "question": "ما هو اسم أطول نهر في روسيا؟",
        "options": ["نهر الدون", "نهر الفولجا", "نهر لينا", "نهر ينيسي"],
        "correct": 1
    },
    {
        "question": "ما هو المعدن الأكثر مقاومة للتآكل؟",
        "options": ["الذهب", "البلاتين", "التيتانيوم", "الإيريديوم"],
        "correct": 3
    },
    {
        "question": "ما هو اسم أول رائد فضاء يمشي في الفضاء؟",
        "options": ["نيل أرمسترونغ", "أليكسي ليونوف", "إدوارد وايت", "يوري غاغارين"],
        "correct": 1
    },
    {
        "question": "ما هو الحيوان الذي يمتلك أكبر حجم دماغ؟",
        "options": ["الفيل", "الحوت الأزرق", "الدلفين", "الإنسان"],
        "correct": 1
    },
    {
        "question": "ما هو اسم أقدم كتاب في العالم؟",
        "options": ["الإلياذة", "ملحمة جلجامش", "كتاب الموتى", "الأسفار الخمسة"],
        "correct": 1
    },
    {
        "question": "ما هو العنصر الكيميائي الذي رمزه 'Pb'؟",
        "options": ["البولونيوم", "البلاتين", "الرصاص", "البروم"],
        "correct": 2
    },
    {
        "question": "ما هي عاصمة تركيا؟",
        "options": ["إسطنبول", "أنقرة", "أزمير", "بورصة"],
        "correct": 1
    },
    {
        "question": "ما هو اسم أكبر بحيرة في أفريقيا؟",
        "options": ["بحيرة تنجانيقا", "بحيرة فكتوريا", "بحيرة ملاوي", "بحيرة تشاد"],
        "correct": 1
    },
    {
        "question": "ما هو الحيوان الذي يمتلك أقوى حاسة سمع؟",
        "options": ["الخفاش", "البومة", "الفيل", "الكلب"],
        "correct": 0
    },
    {
        "question": "ما هو أصل كلمة 'برتقال'؟",
        "options": ["العربية", "الفارسية", "الهندية", "البرتغالية"],
        "correct": 3
    },
    {
        "question": "ما هو اسم أطول نهر في الهند؟",
        "options": ["نهر الغانج", "نهر السند", "نهر براهمابوترا", "نهر يامونا"],
        "correct": 0
    },
    {
        "question": "ما هو المعدن الأكثر مرونة؟",
        "options": ["الذهب", "الفضة", "النحاس", "الألومنيوم"],
        "correct": 0
    },
    {
        "question": "ما هو اسم أول محطة فضائية؟",
        "options": ["مير", "سكايلاب", "سالوت 1", "المحطة الفضائية الدولية"],
        "correct": 2
    },
    {
        "question": "ما هو الحيوان الذي يمتلك أعلى سرعة جري؟",
        "options": ["الفهد", "الظبي", "الحصان", "الكلب السلوقي"],
        "correct": 0
    },
    {
        "question": "ما هو اسم أقدم جامعة في أوروبا؟",
        "options": ["جامعة بولونيا", "جامعة أكسفورد", "جامعة باريس", "جامعة ساليرنو"],
        "correct": 0
    },
    {
        "question": "ما هو العنصر الكيميائي الذي رمزه 'Sn'؟",
        "options": ["السترونتيوم", "السيلينيوم", "القصدير", "الأنتيمون"],
        "correct": 2
    },
    {
        "question": "ما هي عاصمة المكسيك؟",
        "options": ["غوادالاخارا", "مونتيري", "مدينة مكسيكو", "بويبلا"],
        "correct": 2
    },
    {
        "question": "ما هو اسم أكبر بحيرة في أمريكا الشمالية؟",
        "options": ["بحيرة سوبيريور", "بحيرة ميشيغان", "بحيرة هورون", "بحيرة إيري"],
        "correct": 0
    },
    {
        "question": "ما هو الحيوان الذي يمتلك أكبر عدد من الأرجل؟",
        "options": ["العنكبوت", "الأخطبوط", "الدودة الألفية", "السرطان"],
        "correct": 2
    },
    {
        "question": "ما هو أصل كلمة 'سوق'؟",
        "options": ["العربية", "الفارسية", "التركية", "الآرامية"],
        "correct": 0
    },
    {
        "question": "ما هو اسم أطول نهر في أمريكا الجنوبية؟",
        "options": ["نهر الأمازون", "نهر بارانا", "نور أورينوكو", "نهر ريو نيغرو"],
        "correct": 0
    },
    {
        "question": "ما هو المعدن الأكثر تواجداً في الكون؟",
        "options": ["الهيدروجين", "الهيليوم", "الأكسجين", "الكربون"],
        "correct": 0
    },
    {
        "question": "ما هو اسم أول قمر صناعي؟",
        "options": ["سبوتنيك 1", "إكسبلورر 1", "فانجارد 1", "لونا 1"],
        "correct": 0
    },
    {
        "question": "ما هو الحيوان الذي يمتلك أعلى سرعة طيران؟",
        "options": ["الصقر", "النسر", "السنونو", "الشاهين"],
        "correct": 3
    },
    {
        "question": "ما هو اسم أقدم دستور في العالم؟",
        "options": ["دستور الولايات المتحدة", "دستور ماغنا كارتا", "دستور مدينة أوروك", "دستور مملكة إشنونا"],
        "correct": 3
    },
    {
        "question": "ما هو العنصر الكيميائي الذي رمزه 'W'؟",
        "options": ["الرصاص", "التنجستن", "الفاناديوم", "الرينيوم"],
        "correct": 1
    },
    {
        "question": "ما هي عاصمة إيران؟",
        "options": ["طهران", "أصفهان", "شيراز", "تبريز"],
        "correct": 0
    },
    {
        "question": "ما هو اسم أكبر بحيرة في أوروبا؟",
        "options": ["بحيرة لادوغا", "بحيرة أونيغا", "بحيرة فانيرن", "بحر قزوين"],
        "correct": 3
    },
    {
        "question": "ما هو الحيوان الذي يمتلك أقوى حاسة بصر؟",
        "options": ["الصقر", "البومة", "النسر", "القط"],
        "correct": 0
    },
    {
        "question": "ما هو أصل كلمة 'سجاد'؟",
        "options": ["العربية", "الفارسية", "التركية", "اليونانية"],
        "correct": 1
    },
    {
        "question": "ما هو اسم أطول نهر في الشرق الأوسط؟",
        "options": ["نهر الفرات", "نهر النيل", "نهر دجلة", "نهر الأردن"],
        "correct": 1
    },
    {
        "question": "ما هو المعدن الأكثر كثافة؟",
        "options": ["الذهب", "البلاتين", "الإيريديوم", "الأوزميوم"],
        "correct": 3
    },
    {
        "question": "ما هو اسم أول محطة فضائية أمريكية؟",
        "options": ["سكايلاب", "مير", "المحطة الفضائية الدولية", "سالوت 1"],
        "correct": 0
    },
    {
        "question": "ما هو الحيوان الذي يمتلك أكبر عدد من العيون؟",
        "options": ["العنكبوت", "السرطان", "الحبار", "اليعسوب"],
        "correct": 2
    },
    {
        "question": "ما هو اسم أقدم عملة في العالم؟",
        "options": ["الدراخما", "الدينار", "الليرة", "الشيكل"],
        "correct": 0
    },
    {
        "question": "ما هو العنصر الكيميائي الذي رمزه 'U'؟",
        "options": ["اليورانيوم", "اليوروبيوم", "اليوتيربيوم", "اليود"],
        "correct": 0
    },
    {
        "question": "ما هي عاصمة إندونيسيا؟",
        "options": ["جاكرتا", "باندونغ", "سورابايا", "بالي"],
        "correct": 0
    },
    {
        "question": "ما هو اسم أكبر بحيرة في آسيا؟",
        "options": ["بحيرة بايكال", "بحر قزوين", "بحيرة آرال", "بحيرة تونلي ساب"],
        "correct": 1
    },
    {
        "question": "ما هو الحيوان الذي يمتلك أعلى سرعة في الماء؟",
        "options": ["الدلفين", "سمك السيف", "سمك التونة", "سمك المارلين"],
        "correct": 3
    },
    {
        "question": "ما هو أصل كلمة 'سكين'؟",
        "options": ["العربية", "الإسكندنافية", "اللاتينية", "اليونانية"],
        "correct": 1
    },
    {
        "question": "ما هو اسم أطول نهر في أوروبا الغربية؟",
        "options": ["نهر الراين", "نهر الدانوب", "نهر السين", "نهر التايمز"],
        "correct": 1
    },
    {
        "question": "ما هو المعدن الأكثر قابلية للطرق؟",
        "options": ["الذهب", "الفضة", "النحاس", "الألومنيوم"],
        "correct": 0
    },
    {
        "question": "ما هو اسم أول محطة فضائية صينية؟",
        "options": ["تيانقونغ 1", "شنتشو 1", "تشانغ آه 1", "فينغيون 1"],
        "correct": 0
    },
    {
        "question": "ما هو الحيوان الذي يمتلك أكبر عدد من القلوب؟",
        "options": ["الأخطبوط", "الحبار", "الأسماك", "الديدان"],
        "correct": 0
    },
    {
        "question": "ما هو اسم أقدم علم في العالم؟",
        "options": ["علم الدنمارك", "علم سويسرا", "علم المملكة المتحدة", "علم الولايات المتحدة"],
        "correct": 0
    },
    {
        "question": "ما هو أصغر كوكب في المجموعة الشمسية؟",
        "options": ["عطارد", "الزهرة", "المريخ", "بلوتو"],
        "correct": 0
    },
    {
        "question": "ما هو اسم أطول جسر في العالم؟",
        "options": ["جسر دانيانغ-كونشان", "جسر هونغ كونغ-تشوهاي-ماكاو", "جسر أكاشي كايكيو", "جسر خليج هانغتشو"],
        "correct": 0
    },
    {
        "question": "ما هو الحيوان الوطني للصين؟",
        "options": ["الدب", "النمر", "التنين", "باندا"],
        "correct": 3
    },
    {
        "question": "ما هو أصل لعبة الكاراتيه؟",
        "options": ["الصين", "اليابان", "كوريا", "تايلاند"],
        "correct": 1
    },
    {
        "question": "ما هو اسم أكبر هضبة في العالم؟",
        "options": ["هضبة التبت", "هضبة الأناضول", "هضبة الدكن", "هضبة كولورادو"],
        "correct": 0
    },
    {
        "question": "ما هو المعدن الذي يستخدم في صناعة الطائرات؟",
        "options": ["الحديد", "النحاس", "الألومنيوم", "الفضة"],
        "correct": 2
    },
    {
        "question": "ما هو اسم أول فيلم رسوم متحركة؟",
        "options": ["سنو وايت", "بينوكيو", "فانتازيا", "الدمية المتحركة"],
        "correct": 3
    },
    {
        "question": "ما هو أصل لعبة البوكر؟",
        "options": ["أمريكا", "فرنسا", "الصين", "إيطاليا"],
        "correct": 1
    },
    {
        "question": "ما هو اسم أعمق نقطة في المحيط؟",
        "options": ["خندق ماريانا", "خندق تونغا", "خندق الفلبين", "خندق كوريل"],
        "correct": 0
    },
    {
        "question": "ما هو الحيوان الذي ينام واقفاً؟",
        "options": ["الحصان", "الزرافة", "الفيل", "الأسد"],
        "correct": 0
    },
    {
        "question": "ما هو اسم أول دولة استخدمت الطوابع البريدية؟",
        "options": ["الولايات المتحدة", "فرنسا", "بريطانيا", "ألمانيا"],
        "correct": 2
    },
    {
        "question": "ما هو أصل لعبة البلياردو؟",
        "options": ["إنجلترا", "فرنسا", "إيطاليا", "الصين"],
        "correct": 1
    },
    {
        "question": "ما هو اسم أقدم متحف في العالم؟",
        "options": ["متحف اللوفر", "متحف الإسكندرية", "متحف بريطانيا", "متحف الفاتيكان"],
        "correct": 1
    },
    {
        "question": "ما هو المعدن الذي يستخدم في صناعة البطاريات؟",
        "options": ["الزنك", "النيكل", "الليثيوم", "الكادميوم"],
        "correct": 2
    },
    {
        "question": "ما هو اسم أول سيارة صنعت في العالم؟",
        "options": ["فورد موديل تي", "مرسيدس بنز", "بورش", "شيفروليه"],
        "correct": 1
    },
    {
        "question": "ما هو أصل لعبة التنس؟",
        "options": ["فرنسا", "إنجلترا", "اليونان", "مصر"],
        "correct": 0
    },
    {
        "question": "ما هو اسم أقدم مسرح في العالم؟",
        "options": ["مسرح ديونيسوس", "مسرح غلوب", "مسرح أوليمبيكو", "مسرح بومبي"],
        "correct": 0
    },
    {
        "question": "ما هو المعدن الذي يستخدم في صناعة الأسلاك الكهربائية؟",
        "options": ["الحديد", "النحاس", "الألومنيوم", "الفضة"],
        "correct": 1
    },
    {
        "question": "ما هو اسم أول طائرة نفاثة؟",
        "options": ["بوينغ 707", "دي هافيلاند كومت", "هينكل He 178", "ميسرشميت Me 262"],
        "correct": 2
    },
    {
        "question": "ما هو أصل لعبة الجولف؟",
        "options": ["إنجلترا", "اسكتلندا", "أيرلندا", "هولندا"],
        "correct": 1
    },
    {
        "question": "ما هو اسم أقدم مكتبة في العالم؟",
        "options": ["مكتبة الإسكندرية", "مكتبة الكونجرس", "مكتبة آشوربانيبال", "مكتبة الفاتيكان"],
        "correct": 2
    },
    {
        "question": "ما هو المعدن الذي يستخدم في صناعة المرايا؟",
        "options": ["الفضة", "الألومنيوم", "الكروم", "الذهب"],
        "correct": 0
    },
    {
        "question": "ما هو اسم أول قطار سريع؟",
        "options": ["شانسن", "TGV", "شينكانسن", "إي سي إي"],
        "correct": 2
    },
    {
        "question": "ما هو أصل لعبة البادل؟",
        "options": ["المكسيك", "إسبانيا", "الأرجنتين", "الولايات المتحدة"],
        "correct": 0
    },
    {
        "question": "ما هو اسم أقدم حديقة حيوانات؟",
        "options": ["حديقة حيوانات لندن", "حديقة حيوانات فيينا", "حديقة حيوانات برلين", "حديقة حيوانات القاهرة"],
        "correct": 1
    },
    {
        "question": "ما هو المعدن الذي يستخدم في صناعة المغناطيس؟",
        "options": ["الحديد", "الكوبالت", "النيوديميوم", "جميع ما سبق"],
        "correct": 3
    },
    {
        "question": "ما هو اسم أول غواصة؟",
        "options": ["تورتل", "نوتيلوس", "هولاند 1", "دريفيل"],
        "correct": 0
    },
    {
        "question": "ما هو أصل لعبة الرغبي؟",
        "options": ["إنجلترا", "أستراليا", "نيوزيلندا", "جنوب أفريقيا"],
        "correct": 0
    },
    {
        "question": "ما هو اسم أقدم ناطحة سحاب؟",
        "options": ["مبنى إمباير ستيت", "مبنى بيت التأمين", "برج إيفل", "هرم خوفو"],
        "correct": 1
    },
    {
        "question": "ما هو المعدن الذي يستخدم في صناعة العملات؟",
        "options": ["النحاس", "النيكل", "الفضة", "جميع ما سبق"],
        "correct": 3
    },
    {
        "question": "ما هو اسم أول سيارة سباق؟",
        "options": ["بورش 356", "فورد GT40", "مرسيدس بنز 35 حصان", "فيار 804"],
        "correct": 2
    },
    {
        "question": "ما هو أصل لعبة الكريكيت؟",
        "options": ["إنجلترا", "الهند", "أستراليا", "باكستان"],
        "correct": 0
    },
    {
        "question": "ما هو اسم أقدم جسر حجري؟",
        "options": ["جسر بونت دو جارد", "جسر كارافان", "جسر لندن", "جسر البوسفور"],
        "correct": 0
    },
    {
        "question": "ما هو المعدن الذي يستخدم في صناعة السكاكين؟",
        "options": ["الحديد", "الفولاذ", "التيتانيوم", "جميع ما سبق"],
        "correct": 3
    },
    {
        "question": "ما هو اسم أول دراجة نارية؟",
        "options": ["هارلي ديفيدسون", "هوندا", "ديملر رايتفاغن", "إنديان"],
        "correct": 2
    },
    {
        "question": "ما هو أصل لعبة الهوكي؟",
        "options": ["كندا", "إنجلترا", "الهند", "روسيا"],
        "correct": 1
    },
    {
        "question": "ما هو اسم أقدم سد في العالم؟",
        "options": ["سد هوفر", "سد مأرب", "سد كاريبا", "سد السد العالي"],
        "correct": 1
    },
    {
        "question": "ما هو المعدن الذي يستخدم في صناعة المجوهرات؟",
        "options": ["الذهب", "الفضة", "البلاتين", "جميع ما سبق"],
        "correct": 3
    },
    {
        "question": "ما هو اسم أول طائرة ركاب؟",
        "options": ["بوينغ 247", "دوغلاس دي سي-3", "فورد ترايموتور", "دي هافيلاند كومت"],
        "correct": 2
    },
    {
        "question": "ما هو أصل لعبة الباسكيت بول؟",
        "options": ["الولايات المتحدة", "كندا", "المكسيك", "بورتوريكو"],
        "correct": 1
    },
    {
        "question": "ما هو اسم أقدم نفق في العالم؟",
        "options": ["نفق المانش", "نفق غوتارد", "نفق إيراكليون", "نفق يوقاوسي"],
        "correct": 2
    },
    {
        "question": "ما هو المعدن الذي يستخدم في صناعة الطائرات الحربية؟",
        "options": ["التيتانيوم", "الألومنيوم", "الفولاذ", "جميع ما سبق"],
        "correct": 3
    },
    {
        "question": "ما هو اسم أول سفينة بخارية؟",
        "options": ["سفينة كليرمونت", "سفينة سافانا", "سفينة جريت إيسترن", "سفينة برونسويك"],
        "correct": 0
    },
    {
        "question": "ما هو أصل لعبة البيسبول؟",
        "options": ["الولايات المتحدة", "إنجلترا", "كوبا", "جمهورية الدومينيكان"],
        "correct": 1
    },
    {
        "question": "ما هو اسم أقدم قناة مائية؟",
        "options": ["قناة السويس", "قناة بنما", "قناة جراند", "قناة لينغ"],
        "correct": 2
    },
    {
        "question": "ما هو المعدن الذي يستخدم في صناعة الصواريخ؟",
        "options": ["التيتانيوم", "الألومنيوم", "الفولاذ", "جميع ما سبق"],
        "correct": 3
    },
    {
        "question": "ما هو اسم أول غواصة نووية؟",
        "options": ["نوتيلوس", "أوهايو", "تايفون", "فانجارد"],
        "correct": 0
    },
    {
        "question": "ما هو أصل لعبة اللاكروس؟",
        "options": ["كندا", "الولايات المتحدة", "الهند", "أستراليا"],
        "correct": 0
    },
    {
        "question": "ما هو اسم أقدم ميناء في العالم؟",
        "options": ["ميناء الإسكندرية", "ميناء هامبورغ", "ميناء لوريون", "ميناء جدة"],
        "correct": 2
    },
    {
        "question": "ما هو المعدن الذي يستخدم في صناعة السيارات الفاخرة؟",
        "options": ["الألومنيوم", "الكربون", "البلاتين", "جميع ما سبق"],
        "correct": 3
    },
    {
        "question": "ما هو اسم أول طائرة بدون طيار؟",
        "options": ["RQ-1 بريداتور", "MQ-9 ريبر", "Kettering Bug", "DH.82B Queen Bee"],
        "correct": 2
    },
    {
        "question": "ما هو أصل لعبة الكرة الطائرة؟",
        "options": ["الولايات المتحدة", "البرازيل", "روسيا", "الصين"],
        "correct": 0
    },
    {
        "question": "ما هو اسم أقدم مطار في العالم؟",
        "options": ["مطار كوليدج", "مطار لو بورجيه", "مطار هامبرج", "مطار كرويدون"],
        "correct": 1
    },
    {
        "question": "ما هو المعدن الذي يستخدم في صناعة الأسلحة النارية؟",
        "options": ["الحديد", "الفولاذ", "التيتانيوم", "جميع ما سبق"],
        "correct": 3
    },
    {
        "question": "ما هو اسم أول حاسوب؟",
        "options": ["ENIAC", "Z3", "Colossus", "Harvard Mark I"],
        "correct": 1
    },
    {
        "question": "ما هو أصل لعبة التايكوندو؟",
        "options": ["الصين", "اليابان", "كوريا", "تايلاند"],
        "correct": 2
    },
    {
        "question": "ما هو اسم أقدم محطة قطار؟",
        "options": ["محطة ليفربول رود", "محطة يوستون", "محطة سانت بانكراس", "محطة واترلو"],
        "correct": 0
    },
    {
        "question": "ما هو المعدن الذي يستخدم في صناعة الطائرات الشراعية؟",
        "options": ["الألومنيوم", "الكربون", "المغنيسيوم", "جميع ما سبق"],
        "correct": 3
    },
    {
        "question": "ما هو اسم أول هاتف محمول؟",
        "options": ["موتورولا داينا تاك", "نوكيا 1011", "إريكسون GH337", "IBM Simon"],
        "correct": 0
    },
    {
        "question": "ما هو أصل لعبة الجودو؟",
        "options": ["الصين", "اليابان", "كوريا", "تايلاند"],
        "correct": 1
    },
    {
        "question": "ما هو اسم أقدم مترو أنفاق؟",
        "options": ["مترو لندن", "مترو باريس", "مترو نيويورك", "مترو برلين"],
        "correct": 0
    },
    {
        "question": "ما هو المعدن الذي يستخدم في صناعة الأقمار الصناعية؟",
        "options": ["الألومنيوم", "التيتانيوم", "الفولاذ", "جميع ما سبق"],
        "correct": 3
    },
    {
        "question": "ما هو اسم أول كاميرا رقمية؟",
        "options": ["كوداك DCS", "فوجي DS-1P", "كانون RC-701", "سوني مافيكا"],
        "correct": 3
    },
    {
        "question": "ما هو أصل لعبة الكونغ فو؟",
        "options": ["الصين", "اليابان", "كوريا", "تايلاند"],
        "correct": 0
    },
    {
        "question": "ما هو اسم أقدم حديقة عامة؟",
        "options": ["هايد بارك", "سنترال بارك", "حديقة اللوفر", "حديقة ألاميدا"],
        "correct": 0
    },
    {
        "question": "ما هو المعدن الذي يستخدم في صناعة السفن الفضائية؟",
        "options": ["الألومنيوم", "التيتانيوم", "الفولاذ", "جميع ما سبق"],
        "correct": 3
    },
    {
        "question": "ما هو اسم أول تلسكوب؟",
        "options": ["تلسكوب هابل", "تلسكوب جاليليو", "تلسكوب نيوتن", "تلسكوب ليبرشي"],
        "correct": 1
    },
    {
        "question": "ما هو أصل لعبة الكابويرا؟",
        "options": ["البرازيل", "الأرجنتين", "كوبا", "المكسيك"],
        "correct": 0
    },
    {
        "question": "ما هو اسم أقدم ملعب كرة قدم؟",
        "options": ["ملعب ويمبلي", "ملعب أولد ترافورد", "ملعب فيلد ميل", "ملعب أنفيلد"],
        "correct": 2
    },
    {
        "question": "ما هو المعدن الذي يستخدم في صناعة الدروع الواقية؟",
        "options": ["الفولاذ", "الكيفلار", "التيتانيوم", "جميع ما سبق"],
        "correct": 3
    },
    {
        "question": "ما هو اسم أول ميكروسكوب؟",
        "options": ["ميكروسكوب ليوفنهوك", "ميكروسكوب جاليليو", "ميكروسكوب هوك", "ميكروسكوب نيوتن"],
        "correct": 0
    },
    {
        "question": "ما هو أصل لعبة السومو؟",
        "options": ["الصين", "اليابان", "كوريا", "منغوليا"],
        "correct": 1
    },
    {
        "question": "ما هو اسم أقدم ملعب أولمبي؟",
        "options": ["ملعب أولمبيا", "ملعب باناثينايكو", "ملعب دلفي", "ملعب كورينث"],
        "correct": 1
    },
    {
        "question": "ما هو المعدن الذي يستخدم في صناعة السيارات الرياضية؟",
        "options": ["الألومنيوم", "الكربون", "المغنيسيوم", "جميع ما سبق"],
        "correct": 3
    },
    {
        "question": "ما هو اسم أول رادار؟",
        "options": ["رادار واتسون-واط", "رادار هويس", "رادار ماركوني", "رادار تيسلا"],
        "correct": 0
    },
    {
        "question": "ما هو أصل لعبة الكيوكشنول؟",
        "options": ["أيرلندا", "اسكتلندا", "ويلز", "إنجلترا"],
        "correct": 1
    },
    {
        "question": "ما هو اسم أقدم مضمار سباق؟",
        "options": ["مضمار تشارلستون", "مضمار تشيلمسفورد", "مضمار دونكاستر", "مضمار نيوماركت"],
        "correct": 3
    },
    {
        "question": "ما هو المعدن الذي يستخدم في صناعة الطائرات المقاتلة؟",
        "options": ["التيتانيوم", "الألومنيوم", "الفولاذ", "جميع ما سبق"],
        "correct": 3
    },
    {
        "question": "ما هو اسم أول محرك بخاري؟",
        "options": ["محرك نيوكومن", "محرك وات", "محرك سافيري", "محرك ستيرلينغ"],
        "correct": 2
    },
    {
        "question": "ما هو أصل لعبة البولو؟",
        "options": ["إيران", "الهند", "باكستان", "الصين"],
        "correct": 0
    },
    {
        "question": "ما هو اسم أقدم نادي جولف؟",
        "options": ["نادي سانت أندروز", "نادي مونتروز", "نادي موسيلبيرج", "نادي بريستويك"],
        "correct": 0
    },
    {
        "question": "ما هو المعدن الذي يستخدم في صناعة الدبابات؟",
        "options": ["الفولاذ", "التيتانيوم", "الكيفلار", "جميع ما سبق"],
        "correct": 3
    },
    {
        "question": "ما هو اسم أول مكنسة كهربائية؟",
        "options": ["هوفر", "إلكترولوكس", "سيمنز", "بيسيل"],
        "correct": 0
    },
    {
        "question": "ما هو أصل لعبة الكرة اللينة؟",
        "options": ["الولايات المتحدة", "كندا", "المكسيك", "كوبا"],
        "correct": 0
    },
    {
        "question": "ما هو اسم أقدم نادي تنس؟",
        "options": ["نادي التنس الملكي", "نادي ويمبلدون", "نادي رولان جاروس", "نادي فورست هيلز"],
        "correct": 0
    },
    {
        "question": "ما هو المعدن الذي يستخدم في صناعة الغواصات؟",
        "options": ["الفولاذ", "التيتانيوم", "الألومنيوم", "جميع ما سبق"],
        "correct": 3
    },
    {
        "question": "ما هو اسم أول ثلاجة؟",
        "options": ["جنرال إلكتريك", "فريجيدير", "كلفيناتور", "إلكترولوكس"],
        "correct": 2
    },
    {
        "question": "ما هو أصل لعبة الكرة الحديدية؟",
        "options": ["فرنسا", "إيطاليا", "إسبانيا", "اليونان"],
        "correct": 0
    },
    {
        "question": "ما هو اسم أقدم نادي رغبي؟",
        "options": ["نادي رغبي", "نادي بلاكهيث", "نادي هارلكوين", "نادي ساراسينز"],
        "correct": 0
    },
    {
        "question": "ما هو المعدن الذي يستخدم في صناعة السفن الحربية؟",
        "options": ["الفولاذ", "الألومنيوم", "التيتانيوم", "جميع ما سبق"],
        "correct": 3
    },
    {
        "question": "ما هو اسم أول غسالة كهربائية؟",
        "options": ["ثور", "مايتاغ", "ويستنجهاوس", "هوفر"],
        "correct": 0
    },
    {
        "question": "ما هو أصل لعبة الكرة الطائرة الشاطئية؟",
        "options": ["الولايات المتحدة", "البرازيل", "أستراليا", "جنوب أفريقيا"],
        "correct": 0
    },
    {
        "question": "ما هو اسم أقدم نادي كريكيت؟",
        "options": ["نادي ماريليبون للكريكيت", "نادي هامبشاير", "نادي ساري", "نادي كنت"],
        "correct": 0
    },
    {
        "question": "ما هو المعدن الذي يستخدم في صناعة الطائرات النفاثة؟",
        "options": ["التيتانيوم", "الألومنيوم", "الفولاذ", "جميع ما سبق"],
        "correct": 3
    },
    {
        "question": "ما هو اسم أول مكيف هواء؟",
        "options": ["كارير", "ترين", "جنرال إلكتريك", "ويستنجهاوس"],
        "correct": 0
    },
    {
        "question": "ما هو أصل لعبة الكرة الطائرة المائية؟",
        "options": ["البرازيل", "الولايات المتحدة", "أستراليا", "جنوب أفريقيا"],
        "correct": 1
    },
    {
        "question": "ما هو اسم أقدم نادي هوكي؟",
        "options": ["نادي مونتريال للهوكي", "نادي بوسطن بروينز", "نادي تورونتو مابل ليفز", "نادي هوكي الجليد البريطاني"],
        "correct": 3
    },
    {
        "question": "ما هو المعدن الذي يستخدم في صناعة الصواريخ الباليستية؟",
        "options": ["التيتانيوم", "الألومنيوم", "الفولاذ", "جميع ما سبق"],
        "correct": 3
    },
    {
        "question": "ما هو اسم أول مجفف شعر؟",
        "options": ["كونير", "ريمينجتون", "براون", "فيليبس"],
        "correct": 0
    },
    {
        "question": "ما هو اسم أقدم لغة مكتوبة معروفة؟",
        "options": ["السومرية", "الهيروغليفية", "السنسكريتية", "الصينية"],
        "correct": 0
    },
    {
        "question": "ما هو اسم أصغر عظمة في جسم الإنسان؟",
        "options": ["عظمة الركاب", "عظمة المطرقة", "عظمة السندان", "عظمة اللقمة"],
        "correct": 0
    },
    {
        "question": "ما هو المعدن الذي يُستخدم في صناعة أسلاك المصابيح الكهربائية؟",
        "options": ["التنجستن", "النحاس", "الحديد", "الألومنيوم"],
        "correct": 0
    },
    {
        "question": "ما هو اسم أطول نهر في أمريكا الجنوبية؟",
        "options": ["نهر الأمازون", "نهر بارانا", "نهر أورينوكو", "نهر ريو نيغرو"],
        "correct": 0
    },
    {
        "question": "ما هو الحيوان الذي يمتلك القدرة على تجديد أطرافه المفقودة؟",
        "options": ["نجم البحر", "الأخطبوط", "السمندل", "الجرذ"],
        "correct": 2
    },
    {
        "question": "ما هو اسم أول فيلم رسوم متحركة طويل من إنتاج ديزني؟",
        "options": ["بياض الثلج والأقزام السبعة", "بينوكيو", "سندريلا", "بامبي"],
        "correct": 0
    },
    {
        "question": "ما هو العنصر الكيميائي الذي يُستخدم في صناعة البطاريات الجافة؟",
        "options": ["الزنك", "الليثيوم", "الكادميوم", "الرصاص"],
        "correct": 0
    },
    {
        "question": "ما هو اسم أقدم حيوان معروف على الأرض؟",
        "options": ["الإسفنج", "قنديل البحر", "الديدان", "الرخويات"],
        "correct": 1
    },
    {
        "question": "ما هو اسم أول دولة استخدمت البوصلة؟",
        "options": ["الصين", "اليونان", "مصر", "بابل"],
        "correct": 0
    },
    {
        "question": "ما هو المعدن الرئيسي في صناعة العملات الفضية؟",
        "options": ["النحاس", "الفضة", "النيكل", "الزنك"],
        "correct": 1
    },
    {
        "question": "ما هو اسم أقدم نظام كتابة في الأمريكتين؟",
        "options": ["المايا", "الإنكا", "الأزتيك", "الزابوتيك"],
        "correct": 0
    },
    {
        "question": "ما هو الحيوان الوحيد الذي يمكنه قلب معدته إلى الخارج؟",
        "options": ["نجم البحر", "قنديل البحر", "الأخطبوط", "الروبيان"],
        "correct": 0
    },
    {
        "question": "ما هو اسم أول سيارة تسير بالبنزين؟",
        "options": ["مرسيدس بنز", "فورد موديل تي", "بينز باتنت موتورفاغن", "ديملر موتور كاريج"],
        "correct": 2
    },
    {
        "question": "ما هو العنصر الذي يُستخدم في صناعة أنابيب الأشعة السينية؟",
        "options": ["الرصاص", "التنغستن", "اليورانيوم", "البزموت"],
        "correct": 1
    },
    {
        "question": "ما هو اسم أقدم ميناء صناعي في العالم؟",
        "options": ["ميناء لوثرا", "ميناء الإسكندرية", "ميناء قرطاج", "ميناء بيبلوس"],
        "correct": 0
    },
    {
        "question": "ما هو المعدن الذي يُستخدم في صناعة الطائرات بسبب خفة وزنه؟",
        "options": ["التيتانيوم", "الألومنيوم", "المغنيسيوم", "البيريليوم"],
        "correct": 1
    },
    {
        "question": "ما هو اسم أول كتاب مطبوع باستخدام الحروف المتحركة؟",
        "options": ["الإنجيل الجوتنبرجي", "كتاب المزامير", "الإلياذة", "الكوميديا الإلهية"],
        "correct": 0
    },
    {
        "question": "ما هو الحيوان الذي يمتلك أعلى ضغط عضة؟",
        "options": ["تمساح المياه المالحة", "الأسد", "النمر", "الضبع"],
        "correct": 0
    },
    {
        "question": "ما هو اسم أول دولة استخدمت الورق النقدي؟",
        "options": ["الصين", "اليونان", "مصر", "الهند"],
        "correct": 0
    },
    {
        "question": "ما هو العنصر الذي يُستخدم في صناعة رؤوس الثقاب؟",
        "options": ["الفوسفور", "الكبريت", "البوتاسيوم", "الصوديوم"],
        "correct": 0
    },
    {
        "question": "ما هو اسم أقدم نظام ري معروف؟",
        "options": ["نظام ري بلاد ما بين النهرين", "نظام ري وادي النيل", "نظام ري وادي السند", "نظام ري الصين"],
        "correct": 0
    },
    {
        "question": "ما هو المعدن الذي يُستخدم في صناعة المحولات الكهربائية؟",
        "options": ["النحاس", "الحديد", "الألومنيوم", "الفضة"],
        "correct": 1
    },
    {
        "question": "ما هو اسم أول مدينة استخدمت نظام الصرف الصحي؟",
        "options": ["موهينجو دارو", "أور", "بابل", "طيبة"],
        "correct": 0
    },
    {
        "question": "ما هو الحيوان الذي يمتلك أكبر عدد من الجينات؟",
        "options": ["الإنسان", "الفأر", "الجرذ", "القمح"],
        "correct": 3
    },
    {
        "question": "ما هو اسم أول دولة استخدمت الطواحين الهوائية؟",
        "options": ["فارس", "هولندا", "إسبانيا", "الصين"],
        "correct": 0
    },
    {
        "question": "ما هو العنصر الذي يُستخدم في صناعة شاشات اللمس؟",
        "options": ["الإنديوم", "الجرمانيوم", "الغاليوم", "السيلينيوم"],
        "correct": 0
    },
    {
        "question": "ما هو اسم أقدم نظام عددي؟",
        "options": ["النظام الستيني البابلي", "النظام العشري المصري", "النظام الثنائي الصيني", "النظام العشريني المايا"],
        "correct": 0
    },
    {
        "question": "ما هو المعدن الذي يُستخدم في صناعة أسنان الذهب؟",
        "options": ["الذهب", "البلاتين", "الفضة", "البالاديوم"],
        "correct": 0
    },
    {
        "question": "ما هو اسم أول مدينة استخدمت الألواح الشمسية؟",
        "options": ["نيويورك", "لوس أنجلوس", "توسكون", "بوسطن"],
        "correct": 2
    },
    {
        "question": "ما هو الحيوان الذي يمتلك أعلى معدل أيض؟",
        "options": ["الطائر الطنان", "الخفاش", "السناجب", "الفأر"],
        "correct": 0
    },
    {
        "question": "ما هو اسم أول دولة استخدمت الساعات الميكانيكية؟",
        "options": ["الصين", "إيطاليا", "ألمانيا", "بريطانيا"],
        "correct": 0
    },
    {
        "question": "ما هو العنصر الذي يُستخدم في صناعة العدسات اللاصقة؟",
        "options": ["السليكون", "الأكريليك", "الهيدروجيل", "البولي كاربون"],
        "correct": 2
    },
    {
        "question": "ما هو اسم أقدم نظام صيدلة؟",
        "options": ["الصيدلة السومرية", "الصيدلة المصرية", "الصيدلة الصينية", "الصيدلة الهندية"],
        "correct": 0
    },
    {
        "question": "ما هو المعدن الذي يُستخدم في صناعة المحركات النفاثة؟",
        "options": ["التيتانيوم", "النيكل", "الكوبالت", "جميع ما سبق"],
        "correct": 3
    },
    {
        "question": "ما هو اسم أول مدينة استخدمت الإشارات المرورية؟",
        "options": ["لندن", "باريس", "برلين", "نيويورك"],
        "correct": 0
    },
    {
        "question": "ما هو الحيوان الذي يمتلك أعلى سرعة في الماء نسبة إلى حجمه؟",
        "options": ["سمك أبو شراع", "سمك التونة", "سمك السلمون", "سمك السيف"],
        "correct": 0
    },
    {
        "question": "ما هو اسم أول دولة استخدمت البارود؟",
        "options": ["الصين", "الهند", "فارس", "تركيا"],
        "correct": 0
    },
    {
        "question": "ما هو العنصر الذي يُستخدم في صناعة رقائق الكمبيوتر؟",
        "options": ["السليكون", "الجرمانيوم", "الأرسينيك", "البورون"],
        "correct": 0
    },
    {
        "question": "ما هو اسم أقدم نظام جراحة؟",
        "options": ["الجراحة المصرية", "الجراحة الهندية", "الجراحة اليونانية", "الجراحة الصينية"],
        "correct": 0
    },
    {
        "question": "ما هو المعدن الذي يُستخدم في صناعة الأسلحة البيضاء؟",
        "options": ["الفولاذ الكربوني", "الفولاذ المقاوم للصدأ", "التيتانيوم", "جميع ما سبق"],
        "correct": 3
    },
    {
        "question": "ما هو اسم أول مدينة استخدمت المصاعد الكهربائية؟",
        "options": ["نيويورك", "شيكاغو", "بوسطن", "فيلادلفيا"],
        "correct": 0
    },
    {
        "question": "ما هو الحيوان الذي يمتلك أعلى معدل نمو؟",
        "options": ["الحوت الأزرق", "الفيل", "الزرافة", "الدب القطبي"],
        "correct": 0
    },
    {
        "question": "ما هو اسم أول دولة استخدمت الطائرات الورقية؟",
        "options": ["الصين", "اليونان", "مصر", "الهند"],
        "correct": 0
    },
    {
        "question": "ما هو العنصر الذي يُستخدم في صناعة البطاريات النووية؟",
        "options": ["البلوتونيوم", "اليورانيوم", "الراديوم", "البولونيوم"],
        "correct": 0
    },
    {
        "question": "ما هو اسم أقدم نظام فلكي؟",
        "options": ["الفلك البابلي", "الفلك المصري", "الفلك الصيني", "الفلك الهندي"],
        "correct": 0
    },
    {
        "question": "ما هو المعدن الذي يُستخدم في صناعة أدوات الجراحة؟",
        "options": ["الفولاذ المقاوم للصدأ", "التيتانيوم", "الفضة", "جميع ما سبق"],
        "correct": 3
    },
    {
        "question": "ما هو اسم أول مدينة استخدمت الإنارة الكهربائية؟",
        "options": ["نيويورك", "لندن", "باريس", "برلين"],
        "correct": 2
    },
    {
        "question": "ما هو الحيوان الذي يمتلك أعلى ضغط دم؟",
        "options": ["الزرافة", "الفيل", "الحوت الأزرق", "الدب القطبي"],
        "correct": 0
    },
    {
        "question": "ما هو اسم أول دولة استخدمت العجلة؟",
        "options": ["بلاد ما بين النهرين", "مصر", "الهند", "الصين"],
        "correct": 0
    },
    {
        "question": "ما هو العنصر الذي يُستخدم في صناعة المغناطيسات الدائمة؟",
        "options": ["النيوديميوم", "الكوبالت", "الحديد", "جميع ما سبق"],
        "correct": 3
    },
    {
        "question": "ما هو اسم أقدم نظام رياضي؟",
        "options": ["الرياضيات البابلية", "الرياضيات المصرية", "الرياضيات اليونانية", "الرياضيات الهندية"],
        "correct": 0
    },
    {
        "question": "ما هو المعدن الذي يُستخدم في صناعة الأطراف الصناعية؟",
        "options": ["التيتانيوم", "الفولاذ المقاوم للصدأ", "الكوبالت", "جميع ما سبق"],
        "correct": 3
    },
    {
        "question": "ما هو اسم أول مدينة استخدمت التدفئة المركزية؟",
        "options": ["روما", "أثينا", "الإسكندرية", "قرطاج"],
        "correct": 0
    },
    {
        "question": "ما هو الحيوان الذي يمتلك أعلى معدل ضربات قلب؟",
        "options": ["الطائر الطنان", "الخفاش", "الفأر", "السناجب"],
        "correct": 0
    },
    {
        "question": "ما هو اسم أول دولة استخدمت العجلة المائية؟",
        "options": ["اليونان", "روما", "الصين", "الهند"],
        "correct": 2
    },
    {
        "question": "ما هو العنصر الذي يُستخدم في صناعة شاشات التلفزيون؟",
        "options": ["الفسفور", "اليوروبيوم", "التيربيوم", "جميع ما سبق"],
        "correct": 3
    },
    {
        "question": "ما هو اسم أقدم نظام موسيقي؟",
        "options": ["الموسيقى السومرية", "الموسيقى المصرية", "الموسيقى الصينية", "الموسيقى الهندية"],
        "correct": 0
    },
    {
        "question": "ما هو المعدن الذي يُستخدم في صناعة العدسات الفلكية؟",
        "options": ["الكوارتز", "الزجاج البوروسيليكات", "الفلوريت", "جميع ما سبق"],
        "correct": 3
    },
    {
        "question": "ما هو اسم أول مدينة استخدمت نظام البريد؟",
        "options": ["بابل", "أشور", "فارس", "مصر"],
        "correct": 3
    },
    {
        "question": "ما هو الحيوان الذي يمتلك أعلى معدل تنفس؟",
        "options": ["الطائر الطنان", "الخفاش", "الفأر", "السناجب"],
        "correct": 0
    },
    {
        "question": "ما هو اسم أول دولة استخدمت العجلة الهوائية؟",
        "options": ["الصين", "الهند", "فارس", "بابل"],
        "correct": 2
    },
    {
        "question": "ما هو العنصر الذي يُستخدم في صناعة الميكروفونات؟",
        "options": ["النيوديميوم", "البورون", "الديسبريسيوم", "التيربيوم"],
        "correct": 0
    },
    {
        "question": "ما هو اسم أقدم نظام تعليمي؟",
        "options": ["النظام السومري", "النظام المصري", "النظام الصيني", "النظام الهندي"],
        "correct": 0
    },
    {
        "question": "ما هو المعدن الذي يُستخدم في صناعة الأقمار الصناعية؟",
        "options": ["الألومنيوم", "التيتانيوم", "البيريليوم", "جميع ما سبق"],
        "correct": 3
    },
    {
        "question": "ما هو اسم أول مدينة استخدمت نظام الصرف النقدي؟",
        "options": ["ليديا", "بابل", "فارس", "مصر"],
        "correct": 0
    },
    {
        "question": "ما هو الحيوان الذي يمتلك أعلى معدل استقلاب؟",
        "options": ["الطائر الطنان", "الخفاش", "الفأر", "السناجب"],
        "correct": 0
    },
    {
        "question": "ما هو اسم أول دولة استخدمت العجلة البخارية؟",
        "options": ["بريطانيا", "فرنسا", "ألمانيا", "الولايات المتحدة"],
        "correct": 0
    },
    {
        "question": "ما هو العنصر الذي يُستخدم في صناعة الليزر؟",
        "options": ["النيوديميوم", "الإربيوم", "اليتريوم", "جميع ما سبق"],
        "correct": 3
    },
    {
        "question": "ما هو اسم أقدم نظام سياسي؟",
        "options": ["الديمقراطية الأثينية", "الملكية المصرية", "الإمبراطورية الرومانية", "جمهورية روما"],
        "correct": 1
    },
    {
        "question": "ما هو المعدن الذي يُستخدم في صناعة الطائرات بدون طيار؟",
        "options": ["الألومنيوم", "الكربون", "المغنيسيوم", "جميع ما سبق"],
        "correct": 3
    },
    {
        "question": "ما هو اسم أول مدينة استخدمت نظام التأمين؟",
        "options": ["بابل", "روما", "أثينا", "قرطاج"],
        "correct": 0
    },
    {
        "question": "ما هو الحيوان الذي يمتلك أعلى معدل أيض أساسي؟",
        "options": ["الطائر الطنان", "الخفاش", "الفأر", "السناجب"],
        "correct": 0
    },
    {
        "question": "ما هو اسم أول دولة استخدمت العجلة الكهربائية؟",
        "options": ["الولايات المتحدة", "بريطانيا", "فرنسا", "ألمانيا"],
        "correct": 1
    },
    {
        "question": "ما هو العنصر الذي يُستخدم في صناعة الخلايا الشمسية؟",
        "options": ["السليكون", "الجرمانيوم", "الكادميوم", "جميع ما سبق"],
        "correct": 3
    },
    {
        "question": "ما هو اسم أقدم نظام اقتصادي؟",
        "options": ["نظام المقايضة", "النظام النقدي", "النظام الائتماني", "النظام المصرفي"],
        "correct": 0
    },
    {
        "question": "ما هو المعدن الذي يُستخدم في صناعة الروبوتات؟",
        "options": ["الألومنيوم", "التيتانيوم", "الفولاذ", "جميع ما سبق"],
        "correct": 3
    },
    {
        "question": "ما هو اسم أول مدينة استخدمت نظام الضرائب؟",
        "options": ["مصر", "بابل", "أشور", "فارس"],
        "correct": 0
    },
    {
        "question": "ما هو الحيوان الذي يمتلك أعلى معدل استهلاك للأكسجين؟",
        "options": ["الطائر الطنان", "الخفاش", "الفأر", "السناجب"],
        "correct": 0
    },
    {
        "question": "ما هو اسم أول دولة استخدمت العجلة الذرية؟",
        "options": ["الولايات المتحدة", "بريطانيا", "فرنسا", "ألمانيا"],
        "correct": 0
    },
    {
        "question": "ما هو العنصر الذي يُستخدم في صناعة الرقاقات الإلكترونية؟",
        "options": ["السليكون", "الجرمانيوم", "الزرنيخ", "جميع ما سبق"],
        "correct": 3
    },
    {
        "question": "ما هو اسم أقدم نظام قضائي؟",
        "options": ["قانون حمورابي", "القانون الروماني", "القانون المصري", "القانون الهندي"],
        "correct": 0
    },
    {
        "question": "ما هو المعدن الذي يُستخدم في صناعة السيارات الكهربائية؟",
        "options": ["الليثيوم", "الكوبالت", "النيكل", "جميع ما سبق"],
        "correct": 3
    },
    {
        "question": "ما هو اسم أول مدينة استخدمت نظام الشرطة؟",
        "options": ["مصر", "بابل", "روما", "أثينا"],
        "correct": 0
    },
    {
        "question": "ما هو الحيوان الذي يمتلك أعلى معدل حرق للسعرات الحرارية؟",
        "options": ["الطائر الطنان", "الخفاش", "الفأر", "السناجب"],
        "correct": 0
    },
    {
        "question": "ما هو اسم أول دولة استخدمت العجلة المغناطيسية؟",
        "options": ["اليابان", "الصين", "كوريا", "الولايات المتحدة"],
        "correct": 1
    },
    {
        "question": "ما هو العنصر الذي يُستخدم في صناعة الرقاقات الحيوية؟",
        "options": ["السليكون", "الذهب", "الفضة", "جميع ما سبق"],
        "correct": 3
    },
    {
        "question": "ما هو اسم أقدم نظام طبي؟",
        "options": ["الطب السومري", "الطب المصري", "الطب الصيني", "الطب الهندي"],
        "correct": 0
    },
    {
        "question": "ما هو المعدن الذي يُستخدم في صناعة الأسلحة النووية؟",
        "options": ["اليورانيوم", "البلوتونيوم", "الثوريوم", "جميع ما سبق"],
        "correct": 3
    },
    {
        "question": "ما هو اسم أول مدينة استخدمت نظام الإطفاء؟",
        "options": ["روما", "أثينا", "الإسكندرية", "قرطاج"],
        "correct": 0
    },
    {
        "question": "ما هو الحيوان الذي يمتلك أعلى معدل استقلاب للدهون؟",
        "options": ["الطائر الطنان", "الخفاش", "الفأر", "السناجب"],
        "correct": 0
    },
    {
        "question": "ما هو اسم أول دولة استخدمت العجلة الكهرومغناطيسية؟",
        "options": ["الولايات المتحدة", "بريطانيا", "فرنسا", "ألمانيا"],
        "correct": 1
    },
    {
        "question": "ما هو العنصر الذي يُستخدم في صناعة الرقاقات الضوئية؟",
        "options": ["السليكون", "الجرمانيوم", "الإنديوم", "جميع ما سبق"],
        "correct": 3
    }
]